,id_review,rating,compound,Sentiment,pred,temp_pred,fin_pred,score
ChdDSUhNMG9nS0VJQ0FnSUQ4eTQ3QXpnRRAB,,5.0,1.5,Positive,5,5.0,5,6.0
ChdDSUhNMG9nS0VJQ0FnSUQ4cmFQNTdRRRAB,"Whether you are into indoor or outdoor sports, this college offers everything there is to promote extracurricular activities. This does not only help us be fit but also take a break from our regular academic schedules.",5.0,0.2313,Positive,3,4.0,4,3.4626
ChZDSUhNMG9nS0VJQ0FnSUQ4bGFibk1nEAE,,5.0,1.5,Positive,5,5.0,5,6.0
ChdDSUhNMG9nS0VJQ0FnSUNNNWVqbjd3RRAB,"The worst educational institution I have ever come across. There is no academic ambiance. Faculty members are mediocre. They choose school heads who lack scholarship, vision and mission.They conduct quizzes to make the ineligible students eligible for writing their final semester exam, an injustice to the genuine students who attend the classes regularly and study sincerely. The latest news on the murder of the Ex-Vice Chancellor of this university can provide sufficient proof on how low this educational institution is.",1.0,-0.9325,Negative,1,1.0,1,1.135
ChdDSUhNMG9nS0VJQ0FnSUM4cThLNm5nRRAB,,5.0,1.5,Positive,5,5.0,5,6.0
ChZDSUhNMG9nS0VJQ0FnSUM4cmJmYUhREAE,,4.0,1.5,Positive,5,4.0,4,6.0
ChdDSUhNMG9nS0VJQ0FnSUM4cVk3NDhnRRAB,"The moment I entered this university, I was taken aback with its green campus and infrastructure that matches international standards. I am so glad to be studying at a campus which has a student-friendly environment.",5.0,0.5949,Positive,4,4.5,5,4.1898
ChdDSUhNMG9nS0VJQ0FnSUM4cWZhc2d3RRAB,I am glad I did my MBA from Alliance University because it offered me an opportunity to pursue professional certificate programs. A good curriculum with value-added certifications isn't easy to find within the same college.,5.0,0.7426,Positive,4,4.5,5,4.4852
ChZDSUhNMG9nS0VJQ0FnSUM4NGJLd1ZnEAE,"Whether it is the student activity center, or even the spacious residence halls, Alliance University has built the perfect infrastructure to provide us with a unique learning and living experience.",5.0,0.5719,Positive,4,4.5,5,4.1438
ChdDSUhNMG9nS0VJQ0FnSUM4NGF5bzFRRRAB,"One thing that has stood out for me is Alliance University's faculty. Here, my professors are always willing to listen, understand, and provide solutions. Honestly, I do not have to think twice before talking to any professor whenever I have a doubt.",4.0,0.296,Positive,3,3.5,4,3.592
ChdDSUhNMG9nS0VJQ0FnSUM4NGNEd2tRRRAB,"I am currently pursuing an MBA from Alliance University, and I must say the industry-specific curriculum has improved my understanding of the real business problems. Plus, the field projects and company visits have given me clarity on how my expertise can be put into action.",5.0,0.4767,Positive,3,4.0,4,3.9534000000000002
ChdDSUhNMG9nS0VJQ0FnSUM4b1pmMmtnRRAB,"If you are planning to study at Alliance University, you are just one step away from studying at a top-ranked B-School in India. The campus, experienced faculty, hostels, and international exposure won‚Äôt disappoint you. I am happy I was a part of this business school.",5.0,0.25,Positive,3,4.0,4,3.5
ChdDSUhNMG9nS0VJQ0FnSUM4b2J2a3p3RRAB,The infrastructure of the college is just awesome. You will enjoy the campus a lot as they have many activities which you can do in and around the campus. The faculty is really very good and helpful with everything. I am very happy and satisfied with Alliance University.,5.0,0.9678,Positive,4,4.5,5,4.9356
ChdDSUhNMG9nS0VJQ0FnSUM4b2V2Rzl3RRAB,"I finished my MBA from Alliance University last year and enjoyed every moment spent here. I am thankful to all the experienced faculty members who have not only taught the curriculum, but also helped me learn how to apply my knowledge in real business situations.",5.0,0.5423,Positive,4,4.5,5,4.0846
ChZDSUhNMG9nS0VJQ0FnSUM4Z2Vxc0tnEAE,,1.0,1.5,Positive,5,1.0,1,6.0
ChdDSUhNMG9nS0VJQ0FnSUM4NG96SG9BRRAB,,5.0,1.5,Positive,5,5.0,5,6.0
ChZDSUhNMG9nS0VJQ0FnSUM4X0txY1hnEAE,,1.0,1.5,Positive,5,1.0,1,6.0
ChdDSUhNMG9nS0VJQ0FnSUM4X0lDbWpRRRAB,Wonderful garden,5.0,0.5719,Positive,4,4.5,5,4.1438
ChdDSUhNMG9nS0VJQ0FnSUM4dktfQ3V3RRAB,Amazing,5.0,0.5859,Positive,4,4.5,5,4.1718
ChZDSUhNMG9nS0VJQ0FnSUM4cVBybmNnEAE,Don't take admission. go through their history . At the time of my admission they informed me They will assist for education loan . So I paid 20000 rs for admission in the last moment they informed me I have to submit 4 check leaves. I asked them if I am going through education loan then why you require check leaves. They told me this is procedure. until further information we will not deduct any money from your account. I informed them Education loan is not approving for me from any bank so I am going to drop the course. And now they deduct 30000 rs which is my only savings during this covid time.,1.0,-0.2732,Negative,2,1.5,1,2.4536
ChZDSUhNMG9nS0VJQ0FnSURjNVlyN093EAE,Excellent Infrastructure Competent faculty,5.0,0.7184,Positive,4,4.5,5,4.4368
ChZDSUhNMG9nS0VJQ0FnSURjNVlMYlVREAE,,5.0,1.5,Positive,5,5.0,5,6.0
ChZDSUhNMG9nS0VJQ0FnSURjNGVLOFlnEAE,,5.0,1.5,Positive,5,5.0,5,6.0
ChdDSUhNMG9nS0VJQ0FnSURjanR5MG53RRAB,,5.0,1.5,Positive,5,5.0,5,6.0
ChdDSUhNMG9nS0VJQ0FnSURjeHVlRTBnRRAB,,2.0,1.5,Positive,5,2.0,2,6.0
ChdDSUhNMG9nS0VJQ0FnSURjeXR2NmxnRRAB,,5.0,1.5,Positive,5,5.0,5,6.0
ChZDSUhNMG9nS0VJQ0FnSURjeXYzQ0lBEAE,,5.0,1.5,Positive,5,5.0,5,6.0
ChZDSUhNMG9nS0VJQ0FnSURjNHNlYUtBEAE,,5.0,1.5,Positive,5,5.0,5,6.0
ChdDSUhNMG9nS0VJQ0FnSURjdk56cHdnRRAB,,1.0,1.5,Positive,5,1.0,1,6.0
ChZDSUhNMG9nS0VJQ0FnSURjNEotLVZBEAE,,5.0,1.5,Positive,5,5.0,5,6.0
ChdDSUhNMG9nS0VJQ0FnSURjd00tXzdBRRAB,,5.0,1.5,Positive,5,5.0,5,6.0
ChZDSUhNMG9nS0VJQ0FnSUNjcDQyMFBREAE,,5.0,1.5,Positive,5,5.0,5,6.0
ChZDSUhNMG9nS0VJQ0FnSUNjeThXX2JBEAE,,4.0,1.5,Positive,5,4.0,4,6.0
ChZDSUhNMG9nS0VJQ0FnSUNjOC1tZ1F3EAE,,5.0,1.5,Positive,5,5.0,5,6.0
ChdDSUhNMG9nS0VJQ0FnSUNjazdPdTd3RRAB,,5.0,1.5,Positive,5,5.0,5,6.0
ChZDSUhNMG9nS0VJQ0FnSURzNmIzSER3EAE,,1.0,1.5,Positive,5,1.0,1,6.0
ChZDSUhNMG9nS0VJQ0FnSURzN3JyWVVBEAE,,5.0,1.5,Positive,5,5.0,5,6.0
ChdDSUhNMG9nS0VJQ0FnSURzaHYzbDRBRRAB,I made a call to the University from the contact number given on their website but the call was not received on any of the 3 numbers.,1.0,0.0387,Neutral,3,2.0,2,3.0774
ChdDSUhNMG9nS0VJQ0FnSURzbk1LTzlnRRAB,,1.0,1.5,Positive,5,1.0,1,6.0
ChdDSUhNMG9nS0VJQ0FnSURzN1BDX3d3RRAB,,5.0,1.5,Positive,5,5.0,5,6.0
ChdDSUhNMG9nS0VJQ0FnSURzd05lWGtBRRAB,,2.0,1.5,Positive,5,2.0,2,6.0
ChdDSUhNMG9nS0VJQ0FnSUNzMThxUzJnRRAB,Worst academic environment. I was a faculty there in law school. It was the worst academic experience I ever got.,1.0,-0.8481,Negative,1,1.0,1,1.3038
ChZDSUhNMG9nS0VJQ0FnSUNzdTduS093EAE,,5.0,1.5,Positive,5,5.0,5,6.0
ChZDSUhNMG9nS0VJQ0FnSUNzbzlPY1RBEAE,,5.0,1.5,Positive,5,5.0,5,6.0
ChdDSUhNMG9nS0VJQ0FnSUNzcGFTTi1RRRAB,,5.0,1.5,Positive,5,5.0,5,6.0
ChdDSUhNMG9nS0VJQ0FnSUNRNjRqenFRRRAB,(Translated by Google) God clg  (Original) Gud clg,5.0,0.5267,Positive,4,4.5,5,4.0534
ChZDSUhNMG9nS0VJQ0FnSUNzeXNXUU5nEAE,Course and Faculty is Good but Mess and Laundry is worst ! Totally waste of money . We can was 2 times (7kg maximum) in a month ! And Food is also waste of money ! If you join Hostel then you are bound to stay there for 1 year spending over 200000 !,3.0,-0.9447,Negative,1,2.0,2,1.1106
ChZDSUhNMG9nS0VJQ0FnSUNzMHBHR2V3EAE,,3.0,1.5,Positive,5,3.0,3,6.0
ChdDSUhNMG9nS0VJQ0FnSUNzbEotMHB3RRAB,,4.0,1.5,Positive,5,4.0,4,6.0
ChdDSUhNMG9nS0VJQ0FnSURNcEtfZG93RRAB,,5.0,1.5,Positive,5,5.0,5,6.0
ChdDSUhNMG9nS0VJQ0FnSURNdU9yZXJ3RRAB,,5.0,1.5,Positive,5,5.0,5,6.0
ChdDSUhNMG9nS0VJQ0FnSUNNaTlDYTB3RRAB,,5.0,1.5,Positive,5,5.0,5,6.0
ChdDSUhNMG9nS0VJQ0FnSURNa1BuSzN3RRAB,This is the worst university to study at. They steal money from students and make you feel very helpless. I have had the worse experience of my life studying at this university and I regret every money spent for my education in this university.,1.0,-0.9476,Negative,1,1.0,1,1.1048
ChdDSUhNMG9nS0VJQ0FnSUNNOFotWnFBRRAB,One of the best university in Bangalore,4.0,0.6369,Positive,4,4.0,4,4.2738
ChdDSUhNMG9nS0VJQ0FnSUNNdnY3djJ3RRAB,,5.0,1.5,Positive,5,5.0,5,6.0
ChdDSUhNMG9nS0VJQ0FnSUQwcGRtTHVBRRAB,One of the best colleges for MBA in South India Premier Education is provided here. Infrastructure is of International standards over here. There are various college festivals where you can participate and learn a lot. You can expect an all round development over here.,5.0,0.7717,Positive,4,4.5,5,4.5434
ChZDSUhNMG9nS0VJQ0FnSUQweG9fMUV3EAE,,5.0,1.5,Positive,5,5.0,5,6.0
ChZDSUhNMG9nS0VJQ0FnSUQweXNxN2VnEAE,,5.0,1.5,Positive,5,5.0,5,6.0
ChdDSUhNMG9nS0VJQ0FnSUQwbE42cGhBRRAB,Worst college for engineering.,1.0,-0.6249,Negative,1,1.0,1,1.7502
ChZDSUhNMG9nS0VJQ0FnSUQweVBTR05BEAE,Superb environment and good facilities and atmosphere feels like u r in a park,5.0,0.8591,Positive,4,4.5,5,4.7181999999999995
ChdDSUhNMG9nS0VJQ0FnSUQwaUphYXV3RRAB,,5.0,1.5,Positive,5,5.0,5,6.0
ChZDSUhNMG9nS0VJQ0FnSUQwc09HRE1nEAE,"just google ""Dr. Ayyappa Dore Alliance University case"" you'll know the kind of people running the show.",1.0,0.0,Neutral,2,1.5,1,3.0
ChdDSUhNMG9nS0VJQ0FnSUMwcGVYSG13RRAB,"The most undisciplined university in Bangalore. Many affairs run between students in the campus,in class. And teachers don't even care about it. If you admit your child in alliance, there are 90% of chances that your child will get spoilt.  The university gives more importance and preference to hostel students than day scholars.",1.0,0.4147,Positive,3,2.0,2,3.8294
ChdDSUhNMG9nS0VJQ0FnSUMwNG9iVjZnRRAB,,1.0,1.5,Positive,5,1.0,1,6.0
ChZDSUhNMG9nS0VJQ0FnSUMwOEpMX01BEAE,,4.0,1.5,Positive,5,4.0,4,6.0
ChZDSUhNMG9nS0VJQ0FnSURVODZMOVVREAE,Excellent experience,5.0,0.5719,Positive,4,4.5,5,4.1438
ChdDSUhNMG9nS0VJQ0FnSURVazhPaWhBRRAB,,1.0,1.5,Positive,5,1.0,1,6.0
ChZDSUhNMG9nS0VJQ0FnSURVNVppOEhnEAE,,5.0,1.5,Positive,5,5.0,5,6.0
ChdDSUhNMG9nS0VJQ0FnSURVanFLWDRnRRAB,"When It comes name of MBA 101% I will remember forever that s Alliance University. I am going to prov it now,  simply I am not saying ... 1) The Education is an investment and this is the best place to invest your  precious money  which you have to get it back and should give it back to your parents once you get it into the job and the choice of Alliance University MBA is going to fetch your real success....  2) The Skill is one of the best weapon which is going to play major role in your successful life that s one and only Alliance university  skill......  3) The Thought is more important than anything in this world in your successful life the thought  was born in you , teach you ,  train you , correct you, inspire you, then will leave you to the successful destiny.. (  Alliance thought )   4)  The confidence  which you are going to get not only for 2 years its for next successful 40 years .....  5) The Maturity .. I can not listen to the people who failed to succeed I know What I have done it  till now,   also I know what I have to do in future ... So MBA means my first choice is Alliance University Thank you so much Alliance University ...    In your successful life 3 people will help you .... a) Parents  b) You   c) Alliance University  This is I am experienced while I was studying even today and forever .. If I had not learned I could not explain like this trust me ...Alliance is one of the best choice of  your education ... go for it.......do not wait for anything ........",5.0,0.9953,Positive,4,4.5,5,4.9906
ChdDSUhNMG9nS0VJQ0FnSURVanZDNDdRRRAB,Best place to Study,5.0,0.6369,Positive,4,4.5,5,4.2738
ChdDSUhNMG9nS0VJQ0FnSURVM1B1MnF3RRAB,,5.0,1.5,Positive,5,5.0,5,6.0
ChdDSUhNMG9nS0VJQ0FnSUNVb19Yc21RRRAB,,1.0,1.5,Positive,5,1.0,1,6.0
ChZDSUhNMG9nS0VJQ0FnSUNVbzdMVEtnEAE,,5.0,1.5,Positive,5,5.0,5,6.0
ChdDSUhNMG9nS0VJQ0FnSUNVZzZDVV9nRRAB,,3.0,1.5,Positive,5,3.0,3,6.0
ChdDSUhNMG9nS0VJQ0FnSUNVX3N2bjNBRRAB,,5.0,1.5,Positive,5,5.0,5,6.0
ChdDSUhNMG9nS0VJQ0FnSUNVM0wtZjBRRRAB,,5.0,1.5,Positive,5,5.0,5,6.0
ChZDSUhNMG9nS0VJQ0FnSUNVdEptOWNnEAE,,1.0,1.5,Positive,5,1.0,1,6.0
ChZDSUhNMG9nS0VJQ0FnSURrNy1tdVFREAE,,5.0,1.5,Positive,5,5.0,5,6.0
ChdDSUhNMG9nS0VJQ0FnSURrNi1PaTN3RRAB,,5.0,1.5,Positive,5,5.0,5,6.0
ChdDSUhNMG9nS0VJQ0FnSURrNlpDeXpnRRAB,,3.0,1.5,Positive,5,3.0,3,6.0
ChdDSUhNMG9nS0VJQ0FnSUNFOTdYWjVnRRAB,Very good quality faculty. It's known Placements and study abroad.,5.0,0.4927,Positive,3,4.0,4,3.9854000000000003
ChdDSUhNMG9nS0VJQ0FnSUQ0cHYtRGdBRRAB,Very nice university,5.0,0.4754,Positive,3,4.0,4,3.9508
ChZDSUhNMG9nS0VJQ0FnSUM0bWRUREFnEAE,"Only college where you don't get graduation day, the review you are reading here is past review, once it is good college but not any more. They will do all the drama to get you in college and then boom.. They don't even care about anyone. So make sure you ask students before you join.. Don't ask local people and stuff member.forget about college case....",1.0,0.5684,Positive,4,2.5,2,4.1368
ChdDSUhNMG9nS0VJQ0FnSURZci1Edmp3RRAB,"Great infrastructure but due to lots of internal issue between the  management  ,many  students studying in Alliance have been affected.",3.0,0.1655,Positive,3,3.0,3,3.331
ChdDSUhNMG9nS0VJQ0FnSURZOTVfMTdBRRAB,,1.0,1.5,Positive,5,1.0,1,6.0
ChdDSUhNMG9nS0VJQ0FnSURZOTltR3NRRRAB,,5.0,1.5,Positive,5,5.0,5,6.0
ChdDSUhNMG9nS0VJQ0FnSUNZbEtUNWl3RRAB,,1.0,1.5,Positive,5,1.0,1,6.0
ChZDSUhNMG9nS0VJQ0FnSURZdThmN0ZnEAE,,5.0,1.5,Positive,5,5.0,5,6.0
ChZDSUhNMG9nS0VJQ0FnSUNZX0pHbmV3EAE,,5.0,1.5,Positive,5,5.0,5,6.0
ChZDSUhNMG9nS0VJQ0FnSURZN2ZMa2JBEAE,"Alliance University (AU), Bangalore is a private university, located in Bangalore. The university was an extension of  Alliance Business School offering MBA and Executive MBA  programs.  Alliance University Best Private University 2017 (awarded at India Education Awards).  The university offers undergraduate, post graduate, Doctoral and professional certificate courses in mainly four streams Engineering, Management, Commerce & Law.",4.0,0.872,Positive,4,4.0,4,4.744
ChdDSUhNMG9nS0VJQ0FnSURZN1pHYTJRRRAB,,5.0,1.5,Positive,5,5.0,5,6.0
ChZDSUhNMG9nS0VJQ0FnSURZOWVPV0RnEAE,,4.0,1.5,Positive,5,4.0,4,6.0
ChZDSUhNMG9nS0VJQ0FnSURZbnRuSE9BEAE,Super üëçüëç,5.0,0.5994,Positive,4,4.5,5,4.1988
ChZDSUhNMG9nS0VJQ0FnSURZam9EWWZBEAE,,5.0,1.5,Positive,5,5.0,5,6.0
ChZDSUhNMG9nS0VJQ0FnSURZMXQ2a1dnEAE,,1.0,1.5,Positive,5,1.0,1,6.0
ChZDSUhNMG9nS0VJQ0FnSURZa3BTdWFnEAE,Clg atmosphere was soo good,4.0,0.4404,Positive,3,3.5,4,3.8808
ChZDSUhNMG9nS0VJQ0FnSURZek1pdlBBEAE,,3.0,1.5,Positive,5,3.0,3,6.0
ChZDSUhNMG9nS0VJQ0FnSURZMU0yc2V3EAE,,1.0,1.5,Positive,5,1.0,1,6.0
ChZDSUhNMG9nS0VJQ0FnSURZeE16TVJBEAE,,5.0,1.5,Positive,5,5.0,5,6.0
ChdDSUhNMG9nS0VJQ0FnSURZNk5yT2dnRRAB,,5.0,1.5,Positive,5,5.0,5,6.0
ChdDSUhNMG9nS0VJQ0FnSURZeUo2ODBBRRAB,"Marketing people call you to join their programmes, indecent behaviour and foul language is used if you say that you are not interested in joining their institution. Worst of their kind people work in this institution..",1.0,-0.1921,Negative,2,1.5,1,2.6158
ChdDSUhNMG9nS0VJQ0FnSURZOEphZ2d3RRAB,"PROFESSORS COME TEACH ON SLIDES GO. 1 MIN LATE TO CLASS UR INSULTED FRONT OF ALL OTHER CLASSMATES BUT PROFESSOR COMES 10-15 MIN SHE'S/HE'S WELCOMED.. STRICT IN BASIS OF COLLEGE FEES, NO TIME GIVEN TO STUDENT TO PAY..  IF U HAVE STUDIED DEGREE HERE, OUT OF 8 LAKHS U CAN PAY 6. INTERNSHIP- HARD TO GET.. CULTURAL/MANAGEMENT FEST IN ASCENT= NIL SPORTS- NIL PLACEMENT - NOT 100% .. MANY DONT GET..  COLLEGE FEST = ANYTHIN GO TO ANEKAL CAMPUS BUT NO SUPPORT..MAIN CAMPUS WILL WIN.. 10 MIN BREAK WILL BE GIVEN EVERY 1 HOUR. 1 SEM IS HECTIC ONE HAS TO BE NERD. BA BCOM BTECH BSC ANYONE CAN DO MBA IN ASCENT BY FRAUD CONSULTANCY. THEY DON'T REFUND IF YOU BACK OUT. INDUSTRIAL VISIT- NO  TEXT BOOK TEACHINGS- NO, THEY TEACH FROM WHAT THEY KNOW AND IGNORE BOOK. AGAIN THEY TELL US TO STUDY TEXT BOOK WHICH IS HECTIC. THERE'S A DSA SYSTEM -  THEY FORCE U TO REVIEW ABOUT PROF TWICE.  WHAT'S DSA=100% ATTENDANCE=5 MARKS, ASSIGNMENTS,GROUP PPTS(COPY PASTE PRESENT), MID TERM EXAM(50m BUT U GET 50% OF IT ADDED TO DSA). PASSIN MARKS =25.. U GET LESS THAN 25 DSA U R INELIGIBLE TO WRITE FINALS SEM EXAMS THIS IS HOW THEY GET 1000RS√ó1 BACKLOG RE EXAM FEE...  U GET 100/100 NO USE ITLL BE 50% OF SCORED MARKS+DSA..  ASCENT COLLEGE- NO CCTV, NO PROPER WATER PURIFIER, 1 AC DOESNT WORK.. THERE'S A POLICE VAN OUTSIDE OFTEN. SPOILS UR LIFE SINCE THERES A HUB OF WEED LOVERS. ASCENT MBA COLLEGE BTM = 8 LAKHS *NOT WORTH UR INVESTMENT*",1.0,-0.9795,Negative,1,1.0,1,1.041
ChdDSUhNMG9nS0VJQ0FnSUNZNzdLMjJBRRAB,,5.0,1.5,Positive,5,5.0,5,6.0
ChdDSUhNMG9nS0VJQ0FnSUNZbDRYOG53RRAB,,5.0,1.5,Positive,5,5.0,5,6.0
ChdDSUhNMG9nS0VJQ0FnSUNZdmUyaTF3RRAB,"Its a great University with magnificent infrastructure and amazing greenery. There have been disputes few years back which have had spoilt the college name but to be honest since the last one year this university has been on its toes and is one of the prestigious universities in country as of now. Great faculty, amazing subjects, and the academia and industry interface is just amazing. The rankings say it all as of 2019 its one of the premiere institutions in the country. Give a visit and you will be spell bounded.",5.0,0.9824,Positive,4,4.5,5,4.9648
ChZDSUhNMG9nS0VJQ0FnSUNZcXBxd0RnEAE,"Study is not good, they play with the students‚Äôs career, they promised to refund our money in 2016, till now no answer from them.",1.0,-0.484,Negative,1,1.0,1,2.032
ChdDSUhNMG9nS0VJQ0FnSUNZb29yaHRnRRAB,CMAT  ki exam dayne vale students ka data nikal va ki un k gar post say advertising k pamphlet bhej Tey hai...! Soch ne vali bat ye hai ye address kis ne diya..üòíü§îü§î CHAT  valo ne he hamara sara data beych diya kya...üí∏üí∏üí∏üí∏üí∏üí∏üí∏üí∏üí∏,1.0,0.0,Neutral,2,1.5,1,3.0
ChdDSUhNMG9nS0VJQ0FnSUNZX0tHVzB3RRAB,,1.0,1.5,Positive,5,1.0,1,6.0
ChdDSUhNMG9nS0VJQ0FnSUNBNGJTMnFRRRAB,"worst university,politics inside faculty spoils student career",1.0,-0.6249,Negative,1,1.0,1,1.7502
ChdDSUhNMG9nS0VJQ0FnSURvMzRMOTN3RRAB,"I went here for ICT Student Innovator competition, and not a regular student. I really loved the campus it was so amazing, I wish I was a student of this University. I really liked the campus culture, no stubborn rules in campus about dress code and behaviour, you know what I am about. You can really be yourself üòè. Well, I was just there for two days. Complete day and night.",5.0,0.9611,Positive,4,4.5,5,4.9222
ChdDSUhNMG9nS0VJQ0FnSURvNTlpUV9RRRAB,,5.0,1.5,Positive,5,5.0,5,6.0
ChdDSUhNMG9nS0VJQ0FnSUNnNmZueHdnRRAB,,2.0,1.5,Positive,5,2.0,2,6.0
ChZDSUhNMG9nS0VJQ0FnSURvODRhU05BEAE,Clean environment,5.0,0.4019,Positive,3,4.0,4,3.8038
ChdDSUhNMG9nS0VJQ0FnSUNnX3FxWWtnRRAB,,4.0,1.5,Positive,5,4.0,4,6.0
ChZDSUhNMG9nS0VJQ0FnSURvdGU2cVZBEAE,,5.0,1.5,Positive,5,5.0,5,6.0
ChdDSUhNMG9nS0VJQ0FnSURvMWRxTjZnRRAB,Studied executive pgdm jan 2016 batch. It is worth your money. In 2019 its ranking has improved. Check the times b school ranking.,4.0,0.6124,Positive,4,4.0,4,4.2248
ChdDSUhNMG9nS0VJQ0FnSURvNFpTXzJBRRAB,,5.0,1.5,Positive,5,5.0,5,6.0
ChdDSUhNMG9nS0VJQ0FnSURvd2VEa2dnRRAB,,5.0,1.5,Positive,5,5.0,5,6.0
ChdDSUhNMG9nS0VJQ0FnSURvc0lIVmdnRRAB,(Translated by Google) ek dum bekar  (Original) ek dum bekar,1.0,0.3182,Positive,3,2.0,2,3.6364
ChdDSUhNMG9nS0VJQ0FnSUNvMjluU3J3RRAB,Very worst University. Future Spoiling and even lecturers are fraudsters. Please don't join This College . You won't get any placement.,1.0,-0.8116,Negative,1,1.0,1,1.3768
ChZDSUhNMG9nS0VJQ0FnSUNvaTlEUktREAE,,4.0,1.5,Positive,5,4.0,4,6.0
ChZDSUhNMG9nS0VJQ0FnSURJdV9lamV3EAE,Good program to enhance your resume & do your job at the same time.,5.0,0.4404,Positive,3,4.0,4,3.8808
ChZDSUhNMG9nS0VJQ0FnSUNvOGVueVp3EAE,Very Good University,5.0,0.4927,Positive,3,4.0,4,3.9854000000000003
ChdDSUhNMG9nS0VJQ0FnSUNvZ2R1ZTlBRRAB,Nice Place. By look it is good. Visited twice. Attended some fest. Extra curricular activities are good.Really green campus generating green energy. Campus is too cool and full of oxygen. I appreciate the management for planning such a good infrastructure and facilities to the students with bonus greenery. It‚Äôs easy to find variety of food in the campus. Library is excellent and it‚Äôs a green building. If you can make use of the facilities in the campus to full extent with little hardwork you can achieve success.,5.0,0.9808,Positive,4,4.5,5,4.9616
ChdDSUhNMG9nS0VJQ0FnSUNvOXFucDRnRRAB,,5.0,1.5,Positive,5,5.0,5,6.0
ChdDSUhNMG9nS0VJQ0FnSUNvMXRHNDRnRRAB,"This is one of the best universities, here lot of facilities available to improve our knowledge and skills. Alliance University has very good infrastructure, it will reach all your expectations. it provides world class facilities with huge buildings. All the classrooms, labs and library are neat and well maintained with air-condition enabled. all kind of books are available in library. Faculty have good experience and intellect, but you need to work yourself to increase knowledge by spending time in the library‚Äôs provides a great exposure to the real world through many industrial visits. Placements wise also very good college, the package varies every year the highest package goes for jobs in top fortune multinational companies.",5.0,0.985,Positive,4,4.5,5,4.97
ChdDSUhNMG9nS0VJQ0FnSUNveXJLQ29nRRAB,"Worst college ever. There is always a dispute among brothers(owners) which affects students education badly. During disputes, classes suspend, management always changes, exams papers missing, etc. it‚Äôs been one year since we graduated but we still haven‚Äôt received the degree and caution deposit. They advertise average packages as 8 lakhs but the most students who were very qualified got around 3-4 lakhs. Students beware as the well formed campus is designed you to lure into a autocratic management‚Äôs money maker machine.",1.0,-0.6808,Negative,1,1.0,1,1.6384
ChdDSUhNMG9nS0VJQ0FnSUNvMHBmVm93RRAB,Nice campus.,3.0,0.4215,Positive,3,3.0,3,3.843
ChdDSUhNMG9nS0VJQ0FnSUNvZ3ZHWDhnRRAB,,4.0,1.5,Positive,5,4.0,4,6.0
ChZDSUhNMG9nS0VJQ0FnSUNvX01mT0RBEAE,,1.0,1.5,Positive,5,1.0,1,6.0
ChdDSUhNMG9nS0VJQ0FnSUNvbUo2bzZ3RRAB,,5.0,1.5,Positive,5,5.0,5,6.0
ChZDSUhNMG9nS0VJQ0FnSUNvcUpmVU5BEAE,Good professors and amenities..but lot of internal management issues..,4.0,0.4404,Positive,3,3.5,4,3.8808
ChdDSUhNMG9nS0VJQ0FnSUNvcUlYWXBnRRAB,,4.0,1.5,Positive,5,4.0,4,6.0
ChdDSUhNMG9nS0VJQ0FnSUNvcUtLYzd3RRAB,,4.0,1.5,Positive,5,4.0,4,6.0
ChZDSUhNMG9nS0VJQ0FnSUNBdmMyV1d3EAE,,5.0,1.5,Positive,5,5.0,5,6.0
ChZDSUhNMG9nS0VJQ0FnSURJdC1QSktREAE,,5.0,1.5,Positive,5,5.0,5,6.0
ChZDSUhNMG9nS0VJQ0FnSURJaDhxQkVnEAE,Dont Join to this university. Poor education quality and there is no placement after 2016,1.0,-0.7342,Negative,1,1.0,1,1.5316
ChdDSUhNMG9nS0VJQ0FnSURJaGZ5UjBRRRAB,"I'm still final year student of ACED were everyone loves nature,greenary,and a wonderful environment. Coaching is first class were professors everyone here are highly experienced.",4.0,0.8126,Positive,4,4.0,4,4.6251999999999995
ChZDSUhNMG9nS0VJQ0FnSURJNmIyc1ZBEAE,Nice university with world class infrastructure,5.0,0.4215,Positive,3,4.0,4,3.843
ChdDSUhNMG9nS0VJQ0FnSURJNGRDdHBBRRAB,,1.0,1.5,Positive,5,1.0,1,6.0
ChdDSUhNMG9nS0VJQ0FnSURJNHBXOWx3RRAB,Good university to do mba,4.0,0.4404,Positive,3,3.5,4,3.8808
ChZDSUhNMG9nS0VJQ0FnSURJcEtLckV3EAE,"worst college in karnataka they dont even deserve 1 star ,common here is malpractice , chits during exams and staff they wont care about it  , weed in hostels ,drinks worst examination centre ...read every comment and see likes u ppl may come to know",1.0,-0.8413,Negative,1,1.0,1,1.3174
ChZDSUhNMG9nS0VJQ0FnSUNJNTUtNVV3EAE,,2.0,1.5,Positive,5,2.0,2,6.0
ChdDSUhNMG9nS0VJQ0FnSUNJeC1pa3R3RRAB,,3.0,1.5,Positive,5,3.0,3,6.0
ChdDSUhNMG9nS0VJQ0FnSUNJdTZtbGxnRRAB,Awesome and best University in the universe,5.0,0.8519,Positive,4,4.5,5,4.7038
ChZDSUhNMG9nS0VJQ0FnSUNJbzhIVFN3EAE,,1.0,1.5,Positive,5,1.0,1,6.0
ChdDSUhNMG9nS0VJQ0FnSUNJM2Yyejl3RRAB,The worst educational Institute if you want to see Join alliance. They have hired Jaro for admission who give fake information and take your money. Once you realize it and ask their official they say we are not responsible since Jaro gave information. This way they fraud with students. The worst part is they don't even respond,1.0,-0.9389,Negative,1,1.0,1,1.1222
ChdDSUhNMG9nS0VJQ0FnSUNJc2VUTWdRRRAB,,5.0,1.5,Positive,5,5.0,5,6.0
ChdDSUhNMG9nS0VJQ0FnSUN3eDgyX2dBRRAB,,5.0,1.5,Positive,5,5.0,5,6.0
ChdDSUhNMG9nS0VJQ0FnSUNJbnVlcjJBRRAB,The great university for drugs.,1.0,0.6249,Positive,4,2.5,2,4.2498000000000005
ChZDSUhNMG9nS0VJQ0FnSUNJcHVXNGZREAE,All over the best campus in the city,5.0,0.6369,Positive,4,4.5,5,4.2738
ChZDSUhNMG9nS0VJQ0FnSUNndjhXSk5BEAE,,5.0,1.5,Positive,5,5.0,5,6.0
ChZDSUhNMG9nS0VJQ0FnSUR3M1BlM1VBEAE,,1.0,1.5,Positive,5,1.0,1,6.0
ChdDSUhNMG9nS0VJQ0FnSUR3MU9ubnB3RRAB,,1.0,1.5,Positive,5,1.0,1,6.0
ChdDSUhNMG9nS0VJQ0FnSUN3XzdpSDJRRRAB,,4.0,1.5,Positive,5,4.0,4,6.0
ChZDSUhNMG9nS0VJQ0FnSUR3M0pxbE9REAE,,4.0,1.5,Positive,5,4.0,4,6.0
ChdDSUhNMG9nS0VJQ0FnSUR3ckkycm9BRRAB,,1.0,1.5,Positive,5,1.0,1,6.0
ChdDSUhNMG9nS0VJQ0FnSURBb3AzQnp3RRAB,,5.0,1.5,Positive,5,5.0,5,6.0
ChZDSUhNMG9nS0VJQ0FnSURnOC1ISU1REAE,,4.0,1.5,Positive,5,4.0,4,6.0
ChdDSUhNMG9nS0VJQ0FnSURBek1HeDlRRRAB,,4.0,1.5,Positive,5,4.0,4,6.0
ChZDSUhNMG9nS0VJQ0FnSUN3NFlQemVnEAE,"The only good thing about the college is nice campus and building's! Apart from it every thing is upsetting over as the college is outside the B'lore city, where in there is no proper connectivity by Bus or by Metro.Even the ola and Uber cabs won't work properly over . No local Karnataka students over and high fee with an average placements.",1.0,-0.2714,Negative,2,1.5,1,2.4572000000000003
ChZDSUhNMG9nS0VJQ0FnSURRLXFtc1pREAE,,5.0,1.5,Positive,5,5.0,5,6.0
ChdDSUhNMG9nS0VJQ0FnSUNRN3JlNmd3RRAB,,5.0,1.5,Positive,5,5.0,5,6.0
ChZDSUhNMG9nS0VJQ0FnSUNnZ19ETEZnEAE,,5.0,1.5,Positive,5,5.0,5,6.0
ChdDSUhNMG9nS0VJQ0FnSUNnbk96RDhnRRAB,,5.0,1.5,Positive,5,5.0,5,6.0
ChZDSUhNMG9nS0VJQ0FnSUN3cGRiS1RBEAE,,5.0,1.5,Positive,5,5.0,5,6.0
ChZDSUhNMG9nS0VJQ0FnSUNBd3RXNkx3EAE,One of the worst college for mba in banglore .... I highly recommend to not to join this college they only charges high money from theri mba course fee is around 13 lakh... Gor just an normal mba course... And their placement records are fake not a single comlany is company is coming  for placement in this college...... Mba worst college Alliance university banglore.... Do not join this.... College....,1.0,-0.9244,Negative,1,1.0,1,1.1512
ChdDSUhNMG9nS0VJQ0FnSUNRM3ZDeTV3RRAB,,1.0,1.5,Positive,5,1.0,1,6.0
ChdDSUhNMG9nS0VJQ0FnSUN3dXEzRzN3RRAB,,5.0,1.5,Positive,5,5.0,5,6.0
ChdDSUhNMG9nS0VJQ0FnSUNnc3NQWnJ3RRAB,Awesome place,5.0,0.6249,Positive,4,4.5,5,4.2498000000000005
ChdDSUhNMG9nS0VJQ0FnSURnbk12VWtBRRAB,,5.0,1.5,Positive,5,5.0,5,6.0
ChZDSUhNMG9nS0VJQ0FnSURBXzRLWUlnEAE,,5.0,1.5,Positive,5,5.0,5,6.0
ChZDSUhNMG9nS0VJQ0FnSUNRNXJpbFh3EAE,NYC,5.0,0.0,Neutral,2,3.5,4,3.0
ChdDSUhNMG9nS0VJQ0FnSUNnMGJDOTRRRRAB,,5.0,1.5,Positive,5,5.0,5,6.0
ChdDSUhNMG9nS0VJQ0FnSURnMTdQTndnRRAB,,2.0,1.5,Positive,5,2.0,2,6.0
ChdDSUhNMG9nS0VJQ0FnSUN3bVpQanBBRRAB,"A very huge and posh campus. It offers various degre courses like (MBA, BBA, B.Tech etc..) with an excellent infrastructure. I have posted some pictures, check out them.  I was in the first batch of B.Tech here. The whole experience throughout the first three years was good. But, at the final year I had to face delay in exams because of the family disputes of chancellor family.",4.0,0.0635,Positive,3,3.5,4,3.127
ChdDSUhNMG9nS0VJQ0FnSURncmJ1aTlBRRAB,,5.0,1.5,Positive,5,5.0,5,6.0
ChdDSUhNMG9nS0VJQ0FnSUN3a2FqY253RRAB,There are two website. One is the fake. Always fight between two brothers for chancellor post.,1.0,-0.6908,Negative,1,1.0,1,1.6184
ChdDSUhNMG9nS0VJQ0FnSURRMzduR2dBRRAB,,5.0,1.5,Positive,5,5.0,5,6.0
ChdDSUhNMG9nS0VJQ0FnSUNRcmJMV3V3RRAB,,4.0,1.5,Positive,5,4.0,4,6.0
ChZDSUhNMG9nS0VJQ0FnSUNnc3NiTUxBEAE,Nice,3.0,0.4215,Positive,3,3.0,3,3.843
ChdDSUhNMG9nS0VJQ0FnSUNnLS1TdzBRRRAB,,5.0,1.5,Positive,5,5.0,5,6.0
ChZDSUhNMG9nS0VJQ0FnSUNnZ2NXWmV3EAE,,5.0,1.5,Positive,5,5.0,5,6.0
ChdDSUhNMG9nS0VJQ0FnSUNBamZicThRRRAB,,5.0,1.5,Positive,5,5.0,5,6.0
ChdDSUhNMG9nS0VJQ0FnSUNBOXBPZDdRRRAB,One of the best Campus in Bangalore. Excellent infrastructure.,5.0,0.836,Positive,4,4.5,5,4.672
ChZDSUhNMG9nS0VJQ0FnSUN3eGNMQ1pBEAE,,3.0,1.5,Positive,5,3.0,3,6.0
ChZDSUhNMG9nS0VJQ0FnSUN3MnBUY0pBEAE,,1.0,1.5,Positive,5,1.0,1,6.0
ChdDSUhNMG9nS0VJQ0FnSUNRNmV1dHZRRRAB,,1.0,1.5,Positive,5,1.0,1,6.0
ChdDSUhNMG9nS0VJQ0FnSUN3NElHMGlnRRAB,,5.0,1.5,Positive,5,5.0,5,6.0
ChdDSUhNMG9nS0VJQ0FnSURBc2RHeV93RRAB,,1.0,1.5,Positive,5,1.0,1,6.0
ChZDSUhNMG9nS0VJQ0FnSURRemM2UE93EAE,,1.0,1.5,Positive,5,1.0,1,6.0
ChdDSUhNMG9nS0VJQ0FnSURRa2YzYXFnRRAB,"Excellent faculty, beautiful campus.",5.0,0.8225,Positive,4,4.5,5,4.645
ChdDSUhNMG9nS0VJQ0FnSUNRa0wzYm5BRRAB,The University is located at a very beautiful place and has a scenic campus. Very well developed and maintained infrastructure also. Campus is located in outskirts and bus services up to the campus are provided. Awesome playground and canteen is big. Library is too good and has all kinds of books available. Mess for the professors and students living is provided and its huge. Management courses of Alliance University are very famous in India and offers good placement package after MBA. Classrooms have modern infrastructure with state of the art technology. A must for any one who cracks CAT and gets admission.,5.0,0.9459,Positive,4,4.5,5,4.8918
ChZDSUhNMG9nS0VJQ0FnSURBbjhyZEdREAE,,4.0,1.5,Positive,5,4.0,4,6.0
ChZDSUhNMG9nS0VJQ0FnSURRdVpPckx3EAE,Mst,5.0,0.0,Neutral,2,3.5,4,3.0
ChdDSUhNMG9nS0VJQ0FnSURBeHA2OXFnRRAB,,5.0,1.5,Positive,5,5.0,5,6.0
ChdDSUhNMG9nS0VJQ0FnSUNnbHBhSzZ3RRAB,,1.0,1.5,Positive,5,1.0,1,6.0
ChdDSUhNMG9nS0VJQ0FnSURBbDg3WXlBRRAB,A GREAT UNIVERSITY TO STUDY,4.0,0.6249,Positive,4,4.0,4,4.2498000000000005
ChZDSUhNMG9nS0VJQ0FnSURnNkpieVpBEAE,a union or association formed for mutual benefit,1.0,0.4588,Positive,3,2.0,2,3.9176
ChdDSUhNMG9nS0VJQ0FnSUNRcmYyTmp3RRAB,,4.0,1.5,Positive,5,4.0,4,6.0
ChZDSUhNMG9nS0VJQ0FnSURRdXRMUURnEAE,,1.0,1.5,Positive,5,1.0,1,6.0
ChdDSUhNMG9nS0VJQ0FnSUN3OWVidTRnRRAB,Nice university,5.0,0.4215,Positive,3,4.0,4,3.843
ChdDSUhNMG9nS0VJQ0FnSURnOFBIOG9RRRAB,"I don't even feel like rating this University even 1 star. I had taken admission here last year for law. But, it was a disaster. They make you believe that there is no problem but, then the commencement dates are postponed which is a never ending process. They make you pay the entire fee and there is no security of college getting started.If you are willing to stay in the hostel again,there is no security of where will you live. I asked them for the complete refund of my money because they were fraud. Upon this they don't reply promptly. Do not go here. It will become a disaster.",1.0,-0.9752,Negative,1,1.0,1,1.0496
ChZDSUhNMG9nS0VJQ0FnSUNBNlBiNUhnEAE,"this university is a fraud,think twice to get admission here. please be careful while taking admission. As many disputes within the university are happening here. don't play with your future in this university.",1.0,-0.0608,Negative,2,1.5,1,2.8784
ChdDSUhNMG9nS0VJQ0FnSURRajZLdF93RRAB,,4.0,1.5,Positive,5,4.0,4,6.0
ChZDSUhNMG9nS0VJQ0FnSUN3aDZxVVlREAE,,4.0,1.5,Positive,5,4.0,4,6.0
ChZDSUhNMG9nS0VJQ0FnSURBa0llc0hBEAE,Best college,4.0,0.6369,Positive,4,4.0,4,4.2738
ChdDSUhNMG9nS0VJQ0FnSUNBdDlUMmlBRRAB,,1.0,1.5,Positive,5,1.0,1,6.0
ChdDSUhNMG9nS0VJQ0FnSUNnLWE3Z2xnRRAB,Always fight between both brothers for chancellor post and every 6 mnths management changes and its very difficult to get adjust with lecturers,2.0,-0.659,Negative,1,1.5,1,1.682
ChZDSUhNMG9nS0VJQ0FnSUN3LW9mUmNnEAE,University is good But sudhir management is not good,5.0,-0.2867,Negative,2,3.5,4,2.4266
ChdDSUhNMG9nS0VJQ0FnSUN3Ny1mYmpnRRAB,,5.0,1.5,Positive,5,5.0,5,6.0
ChdDSUhNMG9nS0VJQ0FnSURRM0k3ZGd3RRAB,,4.0,1.5,Positive,5,4.0,4,6.0
ChdDSUhNMG9nS0VJQ0FnSUNnaW8tVTJ3RRAB,,5.0,1.5,Positive,5,5.0,5,6.0
ChZDSUhNMG9nS0VJQ0FnSUNRMUpIbVdBEAE,,5.0,1.5,Positive,5,5.0,5,6.0
ChdDSUhNMG9nS0VJQ0FnSURBNHNpNW13RRAB,,5.0,1.5,Positive,5,5.0,5,6.0
ChdDSUhNMG9nS0VJQ0FnSUNRcTh5N3lnRRAB,,5.0,1.5,Positive,5,5.0,5,6.0
ChdDSUhNMG9nS0VJQ0FnSURndlAzaTJnRRAB,,5.0,1.5,Positive,5,5.0,5,6.0
ChdDSUhNMG9nS0VJQ0FnSUNnblBiT3ZRRRAB,Great campus,5.0,0.6249,Positive,4,4.5,5,4.2498000000000005
ChZDSUhNMG9nS0VJQ0FnSUNnMVlhVEhREAE,Best university,5.0,0.6369,Positive,4,4.5,5,4.2738
ChZDSUhNMG9nS0VJQ0FnSURRc2RMWUFnEAE,,5.0,1.5,Positive,5,5.0,5,6.0
ChdDSUhNMG9nS0VJQ0FnSUNnOU9XcXdBRRAB,I wish if there is a negative marking i can given to this University. Most unethical vendor i ever had. For past 1 years i am behind them for my payment for the services from our company.  Will never get associate with them anymore.,1.0,-0.6801,Negative,1,1.0,1,1.6398
ChdDSUhNMG9nS0VJQ0FnSURnZ1pfS3VnRRAB,"I finished my MBA from Alliance university and loved every day spent at the university. It gave me an entrepreneurial mind set and today I run my own startup and am chasing my dreams. I have come across few of the finest faculties with a lot of industry experience and knowledge, giving you insights about their experiences.  I loved the library, which is considered to be one of the best across universities. If self learning is a part of your life you have a lot to do with at the university.",5.0,0.9524,Positive,4,4.5,5,4.9048
ChZDSUhNMG9nS0VJQ0FnSUNRX3E2RU13EAE,,1.0,1.5,Positive,5,1.0,1,6.0
ChdDSUhNMG9nS0VJQ0FnSURBczRMLTNnRRAB,,5.0,1.5,Positive,5,5.0,5,6.0
ChdDSUhNMG9nS0VJQ0FnSUNndGVEdHRBRRAB,,5.0,1.5,Positive,5,5.0,5,6.0
ChdDSUhNMG9nS0VJQ0FnSURBN3NtQW9nRRAB,"What to destroy your future, come to alliance University",2.0,-0.5423,Negative,1,1.5,1,1.9154
ChdDSUhNMG9nS0VJQ0FnSUNReHVDdzBRRRAB,,5.0,1.5,Positive,5,5.0,5,6.0
ChdDSUhNMG9nS0VJQ0FnSUNncWJyYW5RRRAB,"Happiest moment is to live, experiance, expose and grow both your professional and personal life. with the help of great and large number of well experianced and enthusiased faculty u attain the indepth knowledge of the subjects. apart from that u get a chance to visit other universities for semester exchange. The atmosphere in here will help you in team learning. Well not just that, the Career and Network Cell will help you get placed in your dream company.",5.0,0.9694,Positive,4,4.5,5,4.9388000000000005
ChdDSUhNMG9nS0VJQ0FnSUNncU9ubjZnRRAB,"Was an awesome University till 2014 but due to fight between owners the university is degrading but hope the condition improve. It's super awesome to be in . It's like a fantastic park or resort. Very green n natural. U can find MBA, Law, BBM BBA n Engineering course here.",3.0,0.9787,Positive,4,3.5,4,4.9574
ChZDSUhNMG9nS0VJQ0FnSURRaU1XMFV3EAE,"A great university to be a part of!!!.. I personally recommend the MBA course at Alliance School of Business, as they have the best set of faculty   . The placements were up to my expectations and the CAN team in particular is phenomenal in terms of training. Alliance is a place where your dreams can take wings.",4.0,0.9369,Positive,4,4.0,4,4.8738
ChZDSUhNMG9nS0VJQ0FnSUNBcUkzd2J3EAE,,5.0,1.5,Positive,5,5.0,5,6.0
ChdDSUhNMG9nS0VJQ0FnSUNRMVBLbHh3RRAB,,5.0,1.5,Positive,5,5.0,5,6.0
ChdDSUhNMG9nS0VJQ0FnSURRNE83ODZ3RRAB,"I felt home and comfortable with the platform provided by the college. The academic structure and the support from the student services motivated me to participate in all the activities like guest lectures, seminars, sports events, cultural events, etc. The robust environment here, in which I am possessed by the knowledge and ethical values allowed me to blend in the necessities and requirements by the industry. Alliance not only provides you quality education, it also makes you corporate ready"".",5.0,0.9657,Positive,4,4.5,5,4.9314
ChdDSUhNMG9nS0VJQ0FnSURneUpyUDRRRRAB,highly experienced faculties in the university are coming up with lots of practical activities like real time case studies & career based verification etc..,5.0,0.3612,Positive,3,4.0,4,3.7224
ChZDSUhNMG9nS0VJQ0FnSUNBbk9PdFd3EAE,"Alliance University, nice place to be a student. Academically competent team of faculty & offers blend of facilities. World class infrastructure, A beautiful campus with lush greenary.",5.0,0.8402,Positive,4,4.5,5,4.6804
ChdDSUhNMG9nS0VJQ0FnSUNBNC1USzZnRRAB,Really good University for those who have capabilities to do something big.. World class infrastructure & lush green campus..!,5.0,0.54,Positive,4,4.5,5,4.08
ChdDSUhNMG9nS0VJQ0FnSURRcU42c21RRRAB,"Really a great university to study with. Helped me in devoloping my skills n abilities, making me corporate ready.",5.0,0.835,Positive,4,4.5,5,4.67
ChZDSUhNMG9nS0VJQ0FnSUNBa09TZ1d3EAE,"One of the best and prestigious university,it have world class infrastructure and well qualified faculties ,also the campus is very green and eco-friendly .",5.0,0.743,Positive,4,4.5,5,4.486
ChdDSUhNMG9nS0VJQ0FnSURBa2NpdXRBRRAB,It's a good University  The teachers teaching here are well experienced and they will teach the subject practically,5.0,0.6124,Positive,4,4.5,5,4.2248
ChZDSUhNMG9nS0VJQ0FnSUN3Nk9hSUl3EAE,,5.0,1.5,Positive,5,5.0,5,6.0
ChZDSUhNMG9nS0VJQ0FnSUN3MElyM1JnEAE,A Beautiful campus located in the outskirts of Bengaluru.,4.0,0.5994,Positive,4,4.0,4,4.1988
ChdDSUhNMG9nS0VJQ0FnSURRcHVieGd3RRAB,,5.0,1.5,Positive,5,5.0,5,6.0
ChZDSUhNMG9nS0VJQ0FnSURneUpLeUNnEAE,"This is a fraud University. There are two website. One is the fraud. Please, be careful fake website. Don't pay fee online transaction by ATM or bank (RTGS).",1.0,-0.8178,Negative,1,1.0,1,1.3644
ChdDSUhNMG9nS0VJQ0FnSUNnd1pYamdnRRAB,"Better being away from this University. I Got trapped in the fight between Both the brothers possessing to be the owner's of university. i paid 1,40,000 for the B-Tech Course and 25,000 for the registration. Now being denied for the admission and told that Money was being paid to 3rd party even despite Paying inside the central campus of the university. Having proper receipts of the payment and the provisional letter.   It's time for the University to Be Closed down. Playing with Students life. i hope i could Rate the university ""Zero"" .",1.0,0.1027,Positive,3,2.0,2,3.2054
ChdDSUhNMG9nS0VJQ0FnSUNRMC1LVm5RRRAB,,4.0,1.5,Positive,5,4.0,4,6.0
ChZDSUhNMG9nS0VJQ0FnSUNROWRDNUVREAE,,5.0,1.5,Positive,5,5.0,5,6.0
ChdDSUhNMG9nS0VJQ0FnSUNnczZycmpBRRAB,Place for learning in excellence for business studies. I must say it is a very bad experience for engineering guys.however this university started engineering course in 2012. It will need some improvements. For LLB and other duel degree portions you can opt for it with the sound research over your subject. Almost 30 kms away from the main city. Near the border of tamil nadu.so expect a country side feeling.,4.0,0.4779,Positive,3,3.5,4,3.9558
ChdDSUhNMG9nS0VJQ0FnSUNnanJENjRRRRAB,"I was shocked to learn the pathetic situation of B Tech students who were supposed to 'Pass out ' last year.  The in fight in the management is in such a nasty stage that you can't imagine that such iincincidents are happening right in a southern state .  Whatever it may be their internal issue, they shouldn't play with the future of students precious years to set scores against fighting business partners.",1.0,-0.9008,Negative,1,1.0,1,1.1984
ChZDSUhNMG9nS0VJQ0FnSUNnNzY3UFpREAE,,1.0,1.5,Positive,5,1.0,1,6.0
ChZDSUhNMG9nS0VJQ0FnSURnMXRUd1RnEAE,"Ugly experiance with alliance, being student there. Always dispute between brothers, other staff also not well qualified.",1.0,-0.7791,Negative,1,1.0,1,1.4418
ChZDSUhNMG9nS0VJQ0FnSUN3aC1IRExBEAE,,1.0,1.5,Positive,5,1.0,1,6.0
ChZDSUhNMG9nS0VJQ0FnSUNneDlHalpREAE,Interesting place for students,4.0,0.4019,Positive,3,3.5,4,3.8038
ChdDSUhNMG9nS0VJQ0FnSUNnei1ySDZnRRAB,,1.0,1.5,Positive,5,1.0,1,6.0
ChdDSUhNMG9nS0VJQ0FnSURRMl9tam5BRRAB,,1.0,1.5,Positive,5,1.0,1,6.0
ChdDSUhNMG9nS0VJQ0FnSURRdk5QOHpRRRAB,Very good study,5.0,0.4927,Positive,3,4.0,4,3.9854000000000003
ChZDSUhNMG9nS0VJQ0FnSUNncXZ1V1VREAE,,1.0,1.5,Positive,5,1.0,1,6.0
ChdDSUhNMG9nS0VJQ0FnSUNBNWFIaXRnRRAB,"I registered for EPGDM course with alliance and the way they promote to sell their seat ,u will be fooled to register there.end of the day when orientation begins you will still get calls for the same batch course and u will find a bulk of slaughter goats who wud afford to pay such amount with all post dated checques signed in their hands.finally when you think the course actually started ,they will make mess with the management and each brother will fight for the university with no proper response landing up in course termination and no refund of that amount.despite sending so many mails we get some automated response with no solution and our classes were suspended not knowing wat is the authenticity of this university.wasted my time and same with my batch mates.",1.0,-0.9179,Negative,1,1.0,1,1.1642
ChZDSUhNMG9nS0VJQ0FnSUN3M2V2SUlnEAE,,5.0,1.5,Positive,5,5.0,5,6.0
ChZDSUhNMG9nS0VJQ0FnSUN3bXJLb2ZREAE,,4.0,1.5,Positive,5,4.0,4,6.0
ChdDSUhNMG9nS0VJQ0FnSUNBcWZQWDB3RRAB,,5.0,1.5,Positive,5,5.0,5,6.0
ChZDSUhNMG9nS0VJQ0FnSURBOVBicU93EAE,,1.0,1.5,Positive,5,1.0,1,6.0
ChZDSUhNMG9nS0VJQ0FnSURBbDg3WE53EAE,,1.0,1.5,Positive,5,1.0,1,6.0
ChZDSUhNMG9nS0VJQ0FnSURBNWMySkdBEAE,,5.0,1.5,Positive,5,5.0,5,6.0
ChZDSUhNMG9nS0VJQ0FnSUNBMElTRE5REAE,,5.0,1.5,Positive,5,5.0,5,6.0
ChZDSUhNMG9nS0VJQ0FnSUNRanRqZll3EAE,,1.0,1.5,Positive,5,1.0,1,6.0
ChZDSUhNMG9nS0VJQ0FnSURRXy1fRFRREAE,,3.0,1.5,Positive,5,3.0,3,6.0
ChdDSUhNMG9nS0VJQ0FnSUNRLWNIbzBRRRAB,,1.0,1.5,Positive,5,1.0,1,6.0
ChdDSUhNMG9nS0VJQ0FnSUNnOVlXYnN3RRAB,,5.0,1.5,Positive,5,5.0,5,6.0
ChdDSUhNMG9nS0VJQ0FnSUNRcXBMcDR3RRAB,,3.0,1.5,Positive,5,3.0,3,6.0
ChZDSUhNMG9nS0VJQ0FnSUNnbXZDZkp3EAE,,5.0,1.5,Positive,5,5.0,5,6.0
ChdDSUhNMG9nS0VJQ0FnSUNRbEtlX3d3RRAB,,5.0,1.5,Positive,5,5.0,5,6.0
ChZDSUhNMG9nS0VJQ0FnSUN3OGNhYU5REAE,,1.0,1.5,Positive,5,1.0,1,6.0
ChZDSUhNMG9nS0VJQ0FnSURnd3QtaEFREAE,,2.0,1.5,Positive,5,2.0,2,6.0
ChdDSUhNMG9nS0VJQ0FnSURBMGZ1aHpRRRAB,,4.0,1.5,Positive,5,4.0,4,6.0
ChZDSUhNMG9nS0VJQ0FnSUNRNDZfbUdnEAE,(Translated by Google) Alliance University claimant's (head) family quarrel has been filed in the courthouse and costs millions of rupees to get education  (Original) ‡≤Ü‡≤≤‡≤Ø‡≤®‡≥ç‡≤∏‡≥ç ‡≤µ‡≤ø‡≤∂‡≥ç‡≤µ‡≤µ‡≤ø‡≤¶‡≥ç‡≤Ø‡≤æ‡≤≤‡≤Ø‡≤¶ ‡≤µ‡≤æ‡≤∞‡≤∏‡≥Å‡≤¶‡≤æ‡≤∞‡≤∞‡≤æ‡≤ó‡≤≤‡≥Ç(‡≤Æ‡≥Å‡≤ñ‡≥ç‡≤Ø‡≤∏‡≥ç‡≤•) ‡≤ï‡≥Å‡≤ü‡≥Å‡≤Ç‡≤¨ ‡≤ï‡≤≤‡≤π ‡≤á‡≤¶‡≥ç‡≤¶‡≥Å ‡≤®‡≥ç‡≤Ø‡≤æ‡≤Ø‡≤≤‡≤Ø‡≤¶‡≤≤‡≥ç‡≤≤‡≤ø ‡≤ï‡≥á‡≤∏‡≥Å ‡≤¶‡≤æ‡≤ñ‡≤≤‡≤æ‡≤ó‡≤ø‡≤¶‡≥Ü ‡≤π‡≤æ‡≤ó‡≥Ç ‡≤á‡≤≤‡≥ç‡≤≤‡≤ø ‡≤∂‡≤ø‡≤ï‡≥ç‡≤∑‡≤£ ‡≤™‡≤°‡≥Ü‡≤Ø‡≤≤‡≥Å ‡≤≤‡≤ï‡≥ç‡≤∑‡≤æ‡≤Ç‡≤§‡≤∞ ‡≤∞‡≥Ç‡≤™‡≤æ‡≤Ø‡≤ø ‡≤ñ‡≤∞‡≥ç‡≤ö‡≥Å ‡≤Æ‡≤æ‡≤°‡≤¨‡≥á‡≤ï‡≤æ‡≤ó‡≥Å‡≤§‡≥ç‡≤§‡≤¶‡≥Ü,2.0,0.3182,Positive,3,2.5,2,3.6364
ChZDSUhNMG9nS0VJQ0FnSURnakxEeUN3EAE,,5.0,1.5,Positive,5,5.0,5,6.0
ChZDSUhNMG9nS0VJQ0FnSURBdkt6TWFBEAE,,5.0,1.5,Positive,5,5.0,5,6.0
ChdDSUhNMG9nS0VJQ0FnSURBOThENW5BRRAB,,1.0,1.5,Positive,5,1.0,1,6.0
ChdDSUhNMG9nS0VJQ0FnSUNnMkpLZXFnRRAB,,1.0,1.5,Positive,5,1.0,1,6.0
ChdDSUhNMG9nS0VJQ0FnSUN3MmFPWXlnRRAB,,1.0,1.5,Positive,5,1.0,1,6.0
ChdDSUhNMG9nS0VJQ0FnSUNBanVPZHdRRRAB,,5.0,1.5,Positive,5,5.0,5,6.0
ChZDSUhNMG9nS0VJQ0FnSUNRemFmT05BEAE,,2.0,1.5,Positive,5,2.0,2,6.0
ChZDSUhNMG9nS0VJQ0FnSUNReU9qWU9nEAE,Stop calling me. I've told you multiple times i'm not a prospect.,1.0,-0.4745,Negative,2,1.5,1,2.051
ChZDSUhNMG9nS0VJQ0FnSURBb2RlWWFnEAE,,5.0,1.5,Positive,5,5.0,5,6.0
ChZDSUhNMG9nS0VJQ0FnSUNRellLM0N3EAE,,5.0,1.5,Positive,5,5.0,5,6.0
ChZDSUhNMG9nS0VJQ0FnSUN3Zy15U1RBEAE,,1.0,1.5,Positive,5,1.0,1,6.0
ChdDSUhNMG9nS0VJQ0FnSURRNkl6ajJRRRAB,"This is a fraud university and as per my view. Myself Aditi Sharma (18/06/1999) from Delhi was made an admission in B.Tech CS in 2016 nd my father was deposited fee & hostel fee around 175000/- in the month of Dec,15 nd Jan,16. I withdrawn my admission from this university but yet now they not refund a single rupee of my father hard earned money after several correspondence of my father Sunil Kumar. My father is really disappointed this university as per his opinion the management of this university are worse than worst. Aditi Sharma",1.0,-0.9606,Negative,1,1.0,1,1.0788
ChdDSUhNMG9nS0VJQ0FnSUNRbVl1WHdnRRAB,,1.0,1.5,Positive,5,1.0,1,6.0
ChdDSUhNMG9nS0VJQ0FnSUNBd1pDb2p3RRAB,Idiots from this university calls working professionals for par-time courses. Those idiots who call don't have any talking etiquette. Worse than people calling for credit cards!!!,1.0,-0.3348,Negative,2,1.5,1,2.3304
ChdDSUhNMG9nS0VJQ0FnSUNBMk9idW93RRAB,,5.0,1.5,Positive,5,5.0,5,6.0
ChdDSUhNMG9nS0VJQ0FnSURBc0pPZDRnRRAB,,5.0,1.5,Positive,5,5.0,5,6.0
ChZDSUhNMG9nS0VJQ0FnSUNRc1pfcUhREAE,,5.0,1.5,Positive,5,5.0,5,6.0
ChZDSUhNMG9nS0VJQ0FnSURnMjZhSkdBEAE,,5.0,1.5,Positive,5,5.0,5,6.0
ChdDSUhNMG9nS0VJQ0FnSUN3b2EzTjBRRRAB,Alliance university  is very good university  for business  lot of people  from north india and and abroad coming to alliance  for the business  management  course.  Hear puc Nd Btech  is also available,5.0,0.4927,Positive,3,4.0,4,3.9854000000000003
ChZDSUhNMG9nS0VJQ0FnSUN3bE5HdklnEAE,,4.0,1.5,Positive,5,4.0,4,6.0
ChZDSUhNMG9nS0VJQ0FnSUN3dDdLQ0F3EAE,One of the best university in Bangalore,5.0,0.6369,Positive,4,4.5,5,4.2738
ChdDSUhNMG9nS0VJQ0FnSUNndzZycHNRRRAB,,5.0,1.5,Positive,5,5.0,5,6.0
ChdDSUhNMG9nS0VJQ0FnSURRamZ2NXd3RRAB,,5.0,1.5,Positive,5,5.0,5,6.0
ChdDSUhNMG9nS0VJQ0FnSUNncnZhYzBRRRAB,,5.0,1.5,Positive,5,5.0,5,6.0
ChdDSUhNMG9nS0VJQ0FnSUNnN2Q2eXdnRRAB,"a place where u can ruin ur own career...management is worst. they involve students in their personal activities as the whole world knows about the stupid chancellors issue. waste of money, time, life and the staff is not qualified enough .ask them to show their designations infront of u...university makes all fake promises and all the gundas are present in the university. dont be impressed by infrastructure. Engineering block is utter waste where classes are held. dont want to give  1 star also but had to give for posting",1.0,-0.9039,Negative,1,1.0,1,1.1922
ChdDSUhNMG9nS0VJQ0FnSURBbnZhcmp3RRAB,,1.0,1.5,Positive,5,1.0,1,6.0
ChZDSUhNMG9nS0VJQ0FnSUNnLUlfLUlREAE,This is the best place to ruin one's future. Do not be flattered by the infrastructure . Waste of time and money.,1.0,-0.555,Negative,1,1.0,1,1.89
ChZDSUhNMG9nS0VJQ0FnSURBaXZQYVR3EAE,,5.0,1.5,Positive,5,5.0,5,6.0
ChZDSUhNMG9nS0VJQ0FnSURRa3FxQWRnEAE,,5.0,1.5,Positive,5,5.0,5,6.0
ChdDSUhNMG9nS0VJQ0FnSURBeEpMOHB3RRAB,,5.0,1.5,Positive,5,5.0,5,6.0
ChdDSUhNMG9nS0VJQ0FnSUN3cmVmMTRRRRAB,A total mess They gave fake admission  Played with the feelings of parents and children  Just don't know what I will be doing,1.0,-0.5413,Negative,1,1.0,1,1.9174
ChdDSUhNMG9nS0VJQ0FnSUN3X3J1WXdBRRAB,,4.0,1.5,Positive,5,4.0,4,6.0
ChZDSUhNMG9nS0VJQ0FnSUNRbGR1MWVREAE,,5.0,1.5,Positive,5,5.0,5,6.0
ChdDSUhNMG9nS0VJQ0FnSURBbUtxeXNRRRAB,"The worst college they conduct class whenever they want to ,the family feud for property is spoiling their reputation . The teaching faculty is absurd, teachers leaving because the management don't pay them properly, it's absolute ruckus down there . Ask students who are studying there they will give you a better outlook .",1.0,-0.4596,Negative,2,1.5,1,2.0808
ChRDSUhNMG9nS0VJQ0FnSUNRNG9kcxAB,,5.0,1.5,Positive,5,5.0,5,6.0
ChZDSUhNMG9nS0VJQ0FnSUNBZ3RtbWZ3EAE,,4.0,1.5,Positive,5,4.0,4,6.0
ChZDSUhNMG9nS0VJQ0FnSURRck1QREd3EAE,Awesome college,5.0,0.6249,Positive,4,4.5,5,4.2498000000000005
ChZDSUhNMG9nS0VJQ0FnSURnaHQtN2VBEAE,,1.0,1.5,Positive,5,1.0,1,6.0
ChdDSUhNMG9nS0VJQ0FnSUNnbDlIQzdBRRAB,,5.0,1.5,Positive,5,5.0,5,6.0
ChZDSUhNMG9nS0VJQ0FnSURRaDZlZk9REAE,,5.0,1.5,Positive,5,5.0,5,6.0
ChRDSUhNMG9nS0VJQ0FnSUN3eGJZRxAB,Not a good place ,1.0,-0.3412,Negative,2,1.5,1,2.3176
ChdDSUhNMG9nS0VJQ0FnSUNna2JqeTd3RRAB,,3.0,1.5,Positive,5,3.0,3,6.0
ChdDSUhNMG9nS0VJQ0FnSURnNTRPM3pnRRAB,,5.0,1.5,Positive,5,5.0,5,6.0
ChZDSUhNMG9nS0VJQ0FnSUNnOXZMSk5BEAE,(Translated by Google) How many percentage of Arab students in this university ??  (Original) ŸÉŸÖ ÿπÿØÿØ ŸÜÿ≥ÿ®Ÿá ÿßŸÑÿ∑ŸÑÿßÿ® ÿßŸÑÿπÿ±ÿ® ŸÅŸä Ÿáÿ∞Ÿá ÿßŸÑÿ¨ÿßŸÖÿπŸáÿüÿü,1.0,0.3939,Positive,3,2.0,2,3.7878
ChZDSUhNMG9nS0VJQ0FnSURReHBmeVRBEAE,,4.0,1.5,Positive,5,4.0,4,6.0
ChdDSUhNMG9nS0VJQ0FnSUNRdllHbXJnRRAB,,5.0,1.5,Positive,5,5.0,5,6.0
ChZDSUhNMG9nS0VJQ0FnSUNROHMzNEN3EAE,,4.0,1.5,Positive,5,4.0,4,6.0
ChdDSUhNMG9nS0VJQ0FnSURRcDdIZG1BRRAB,It's the worst college. Currently not even issuing degree certificates.,1.0,-0.6249,Negative,1,1.0,1,1.7502
ChZDSUhNMG9nS0VJQ0FnSUNRcjZXT1lBEAE,,5.0,1.5,Positive,5,5.0,5,6.0
ChdDSUhNMG9nS0VJQ0FnSURBenVQYW1RRRAB,,1.0,1.5,Positive,5,1.0,1,6.0
ChdDSUhNMG9nS0VJQ0FnSURBOE1hNGpBRRAB,,1.0,1.5,Positive,5,1.0,1,6.0
ChZDSUhNMG9nS0VJQ0FnSUNRbjVXUlZBEAE,Best place for learning. But ROI is not big for MBA.,5.0,0.3818,Positive,3,4.0,4,3.7636
ChZDSUhNMG9nS0VJQ0FnSUN3d29mWWRnEAE,,1.0,1.5,Positive,5,1.0,1,6.0
ChZDSUhNMG9nS0VJQ0FnSUNBa0tENVhBEAE,"The worst college with a notorious ownership.  Its a shame that the owner brothers are destroying the bright careers of many students. God shall never have any mercy on the university owners.  Students, Beware of colleges or university owned by more than one owners!üëéthis is one of themüëé",1.0,-0.9022,Negative,1,1.0,1,1.1956
ChZDSUhNMG9nS0VJQ0FnSUNnMXNUMk9BEAE,,2.0,1.5,Positive,5,2.0,2,6.0
ChZDSUhNMG9nS0VJQ0FnSUNROU1lMU9nEAE,,5.0,1.5,Positive,5,5.0,5,6.0
ChdDSUhNMG9nS0VJQ0FnSURRaHFtYmlnRRAB,,1.0,1.5,Positive,5,1.0,1,6.0
ChZDSUhNMG9nS0VJQ0FnSURRejczMGRREAE,The college administration is in a total mess. Please know ur sources and apply on the right site.. They are running 2 sites and.. 2 admissions happening for one college.. No one is ready to clarify what is happening...,1.0,0.022,Neutral,3,2.0,2,3.044
ChdDSUhNMG9nS0VJQ0FnSUNBbXQteHVBRRAB,"#5 reasons that make this college worst----- 1. Unstable mangement  2. Weak faculty 3. High fee but low education quality.. 4. No sports facility 5. Wrost location 6. Wrost hostel food 7. High pilferage  8. Low maintenance  9. Weak placement 10. Future of college is bleak..  Still you want to take admission, go and piss yourself like me..",1.0,-0.9437,Negative,1,1.0,1,1.1126
ChZDSUhNMG9nS0VJQ0FnSUNRM3BqNWZBEAE,,4.0,1.5,Positive,5,4.0,4,6.0
ChZDSUhNMG9nS0VJQ0FnSURBd2EzOUpnEAE,only money making university ! :( you can  buy attendance starting from 2500! thats cool  only for rich brats !,1.0,0.5962,Positive,4,2.5,2,4.1924
ChZDSUhNMG9nS0VJQ0FnSURRaWNXb2NREAE,Dabba college!!,1.0,0.0,Neutral,2,1.5,1,3.0
ChdDSUhNMG9nS0VJQ0FnSUN3ejRURy1nRRAB,"Guys this university sucks both brother are playing with student career  Don't even think to join ,they have taken 50000 from me as admission and still I am confused that when will class start and where. Mr.ali,kavitha Madhusudan,and few member had  conducted my interview and they ask me to pay 50k ,later on when I went to central campus.some other rulling management is there and they told me that my admission is fake. Guys please stop ur transaction if u are doing first of all visit campus. I am victim and hope no one else be further",1.0,-0.6808,Negative,1,1.0,1,1.6384
ChZDSUhNMG9nS0VJQ0FnSURnbE1TaE9REAE,Place where all academic things of alliance university take place...nice staff,4.0,0.0,Neutral,2,3.0,3,3.0
ChZDSUhNMG9nS0VJQ0FnSURBNGVTY0xnEAE,Alliance university excellent good campus,5.0,0.765,Positive,4,4.5,5,4.53
ChdDSUhNMG9nS0VJQ0FnSUN3eWFTUzhRRRAB,Most most most most...... 3rd class b school  plz dont take admission . Hostel food standard  is very  poor quality... Management only know  how 2 earn money,1.0,-0.4754,Negative,2,1.5,1,2.0492
ChZDSUhNMG9nS0VJQ0FnSURBaS1ySktBEAE,"Guys, please don't get trapped with their advertisement or counselor who took admission.  Earlier, It got a call for PGDM course. So, I was thinking of getting enrolled. But after knowing the situation in college, I step backward. If you see, there are two websites both are trying to enroll students. What if one under which you enrolled is fake. College will not treat that fee submission that you did.  Please be aware before you think about taking admission...",1.0,-0.3714,Negative,2,1.5,1,2.2572
ChZDSUhNMG9nS0VJQ0FnSUNRcnZQX1pnEAE,,5.0,1.5,Positive,5,5.0,5,6.0
ChRDSUhNMG9nS0VJQ0FnSUNBNjRjYhAB,,1.0,1.5,Positive,5,1.0,1,6.0
ChdDSUhNMG9nS0VJQ0FnSUN3dU15cDB3RRAB,,5.0,1.5,Positive,5,5.0,5,6.0
ChdDSUhNMG9nS0VJQ0FnSURBOS1YQ3d3RRAB,,1.0,1.5,Positive,5,1.0,1,6.0
ChdDSUhNMG9nS0VJQ0FnSUNRMTVTMHFnRRAB,The best university,5.0,0.6369,Positive,4,4.5,5,4.2738
ChdDSUhNMG9nS0VJQ0FnSURBczdyVHh3RRAB,,5.0,1.5,Positive,5,5.0,5,6.0
ChZDSUhNMG9nS0VJQ0FnSUN3aE1EdUxBEAE,,5.0,1.5,Positive,5,5.0,5,6.0
ChZDSUhNMG9nS0VJQ0FnSUNRbS1DZ1F3EAE,,1.0,1.5,Positive,5,1.0,1,6.0
ChdDSUhNMG9nS0VJQ0FnSURBcWFITzdBRRAB,,5.0,1.5,Positive,5,5.0,5,6.0
ChdDSUhNMG9nS0VJQ0FnSUNRLXFiZWlnRRAB,This is very worst University there is lots of issues and they only earn money and they spoil students.,1.0,-0.659,Negative,1,1.0,1,1.682
ChdDSUhNMG9nS0VJQ0FnSUNBNzY2T253RRAB,,1.0,1.5,Positive,5,1.0,1,6.0
ChdDSUhNMG9nS0VJQ0FnSUNBMHI3QzFBRRAB,,1.0,1.5,Positive,5,1.0,1,6.0
ChZDSUhNMG9nS0VJQ0FnSUN3ajRhelFBEAE,,2.0,1.5,Positive,5,2.0,2,6.0
ChZDSUhNMG9nS0VJQ0FnSUNRM01yWU9BEAE,Worst experience in this university. It a request and a advice to other people don't get admission in this university. Nothing is constant in this university just think twice if you are getting admission there.,1.0,-0.6249,Negative,1,1.0,1,1.7502
ChdDSUhNMG9nS0VJQ0FnSUNRNzlDWDVBRRAB,Infrastructure was good but due to some internal politics it lost the fame faculty was avg and placements‚Äã are good,2.0,0.7717,Positive,4,3.0,3,4.5434
ChdDSUhNMG9nS0VJQ0FnSURBME5PT2lnRRAB,,5.0,1.5,Positive,5,5.0,5,6.0
ChZDSUhNMG9nS0VJQ0FnSUN3a2FxRmVBEAE,,5.0,1.5,Positive,5,5.0,5,6.0
ChZDSUhNMG9nS0VJQ0FnSUNBd0t5SVZREAE,,4.0,1.5,Positive,5,4.0,4,6.0
ChZDSUhNMG9nS0VJQ0FnSUN3ODZiRFR3EAE,"Very costly tuition fee. Very expensive education and quality of education is also low. Placement is a hoax. There is hardly anybody at the reception to take the call. Lastly, very bad behaviour from the personnel.",1.0,-0.8265,Negative,1,1.0,1,1.347
ChZDSUhNMG9nS0VJQ0FnSUN3MGFmOU9BEAE,,5.0,1.5,Positive,5,5.0,5,6.0
ChdDSUhNMG9nS0VJQ0FnSUNRME1LNzBBRRAB,,5.0,1.5,Positive,5,5.0,5,6.0
ChdDSUhNMG9nS0VJQ0FnSUNRNXFHS25RRRAB,,5.0,1.5,Positive,5,5.0,5,6.0
ChdDSUhNMG9nS0VJQ0FnSUN3cHFiTmpRRRAB,,5.0,1.5,Positive,5,5.0,5,6.0
ChdDSUhNMG9nS0VJQ0FnSUNRMHFXdzRBRRAB,"Alliance University is the best university, If you are getting a chance or thinking to take admission then don‚Äôt waste time on thinking, just go there visit the campus, meet the faculty, checkout the library, hostels, and exposure around you. I can bet you, you will definitely going to take admission after visiting; I was a student of 2012-2016 batch, currently working in Chandigarh in OATI. I am very happy when I was there. Good to go‚Ä¶",5.0,0.9184,Positive,4,4.5,5,4.8368
ChdDSUhNMG9nS0VJQ0FnSURneV8zMC13RRAB,,5.0,1.5,Positive,5,5.0,5,6.0
ChZDSUhNMG9nS0VJQ0FnSUNRb2FfaU9REAE,Alliance university is one of the fastest growing universities throughout India. It has achieved so much popularity that even foreign students come to this university for graduation. This university has gained so much popularity through their hard work and encouraging the individual skills of the students.,5.0,0.9195,Positive,4,4.5,5,4.839
ChdDSUhNMG9nS0VJQ0FnSURBc29QQmlnRRAB,"Great infrastructure , great faculty! They are going through a rough time....but will recover soon......just one thing...that this place is located way to far off from the city",4.0,0.8588,Positive,4,4.0,4,4.7176
ChZDSUhNMG9nS0VJQ0FnSURRcExDMlVBEAE,,1.0,1.5,Positive,5,1.0,1,6.0
ChdDSUhNMG9nS0VJQ0FnSUNRMU1pSnR3RRAB,"Amazing college... Had a great time....!! Great professor, education And infrastructure... :)",5.0,0.9484,Positive,4,4.5,5,4.8968
ChdDSUhNMG9nS0VJQ0FnSUNna2VLWXR3RRAB,,5.0,1.5,Positive,5,5.0,5,6.0
ChdDSUhNMG9nS0VJQ0FnSUNBNE9La3h3RRAB,,5.0,1.5,Positive,5,5.0,5,6.0
ChdDSUhNMG9nS0VJQ0FnSURBcjduYV93RRAB,I am the ex student of this university.....university is horrible from last 6 month....,1.0,-0.5423,Negative,1,1.0,1,1.9154
ChdDSUhNMG9nS0VJQ0FnSUNRZ09tYnZRRRAB,"If you‚Äôre worried about the placements, don‚Äôt be. If you work hard and study smartly, you‚Äôll get placed easily since this university has a really good placement percentage (around 85%). The college facilitates attractive internships for its students as well, like the cyber crime cell, Nuclear Power Corporation of India, Steel Authority of India, and many more.",4.0,0.8313,Positive,4,4.0,4,4.6626
ChZDSUhNMG9nS0VJQ0FnSURBMHBhdFZnEAE,,5.0,1.5,Positive,5,5.0,5,6.0
ChZDSUhNMG9nS0VJQ0FnSURRemJEQkhnEAE,,1.0,1.5,Positive,5,1.0,1,6.0
ChZDSUhNMG9nS0VJQ0FnSUNnX0lEV0lREAE,,2.0,1.5,Positive,5,2.0,2,6.0
ChZDSUhNMG9nS0VJQ0FnSUN3bjh6REtREAE,,1.0,1.5,Positive,5,1.0,1,6.0
ChdDSUhNMG9nS0VJQ0FnSURnZ2RqNXpRRRAB,,4.0,1.5,Positive,5,4.0,4,6.0
ChdDSUhNMG9nS0VJQ0FnSURnc3JEZTdnRRAB,,4.0,1.5,Positive,5,4.0,4,6.0
ChdDSUhNMG9nS0VJQ0FnSUN3ME9hRHpnRRAB,Good campus,5.0,0.4404,Positive,3,4.0,4,3.8808
ChdDSUhNMG9nS0VJQ0FnSUNRblpmRmlnRRAB,"It was one of the best universities. But not now. We have no idea what's going on in the University. But learned a big lesson, money can buy anything. We had best faculties , quality of education and placement. Now nothing!",3.0,0.784,Positive,4,3.5,4,4.568
ChdDSUhNMG9nS0VJQ0FnSURBd3BTQXZRRRAB,,3.0,1.5,Positive,5,3.0,3,6.0
ChZDSUhNMG9nS0VJQ0FnSUNnbWVqclR3EAE,,3.0,1.5,Positive,5,3.0,3,6.0
ChZDSUhNMG9nS0VJQ0FnSURnZ2EyVExnEAE,"I had done my bachelor's degree from Alliance University. And I had  quite good experience there. Classes with an interactive environment have helped me polish my communication skills. I can confidently make independent business decisions as well as play in a team. Playing socially is important to develop oneself into a confident and happy professional, which is needed in the business world.  Alliance university has a number of co-curricular activities that make sure you‚Äôre not ‚Äòall work and no play‚Äô.",5.0,0.9623,Positive,4,4.5,5,4.9246
ChZDSUhNMG9nS0VJQ0FnSUNRZ2JuZlBnEAE,,5.0,1.5,Positive,5,5.0,5,6.0
ChZDSUhNMG9nS0VJQ0FnSUNnaHF6aklnEAE,,1.0,1.5,Positive,5,1.0,1,6.0
ChZDSUhNMG9nS0VJQ0FnSURncXFPTWNREAE,"A career in a traditional Indian dance isn‚Äôt considered as an achievement by some. Thankfully, Alliance University does not hold such archaic and old-school beliefs. I was surprised to see that a tech-savvy university has a department for performing arts. My excitement knew no bounds when I got to know about the sophisticated and well-structured syllabus of the diploma in Bahratnatyam. It‚Äôll expose you deeply to the technical details of the dance along with practical skills. Other than Bharatnatyam, students can also enroll themselves in Carnatic vocals and also Kuchipudi. Right now, I am successfully running my own dance studio where traditional and contemporary dance forms are taught with finesse.",4.0,0.8979,Positive,4,4.0,4,4.7958
ChdDSUhNMG9nS0VJQ0FnSURBLW9hSl9nRRAB,,5.0,1.5,Positive,5,5.0,5,6.0
ChZDSUhNMG9nS0VJQ0FnSUNBcTZueEJREAE,"As per my experience the university is very nice if you looks the infrastructure ,but the faculties were less experienced and there is an on going family feud  as regard of property .  The students those are  perusing various courses in in trouble and panic because of the changes of faculty and administrative staff day by day. Due to the special act of private university government also not able to  interfere to re instate the stability of the college. As per my assumption Dr Madhugar Angur who he is claiming the designation of the chancellor of the university is good educationalist and capable to lead the university as he haves a good vision but is character also seems to be so pathetic as his family life is totally a failure. but government is trying  to control such private universities by entering in their affairs by changing the law for that they are in preparation of amendment of bill related to the private universities .no one can say is that  movement form the government  can resolve all the issues after all these all are affect adversely students those are already enrolled their. Karnataka High court also in a recent observation asked the management to gave the details of student of the university and schedule of all the semester examination and all. So as per my opinion  to choose this university at this stage is a risk and it will bring more tension to students as well as the parents.",1.0,-0.8211,Negative,1,1.0,1,1.3578
ChdDSUhNMG9nS0VJQ0FnSURndkp6UHNBRRAB,"Worst experience I had in my entire life a huge mistake I made this university is not worth. Tell me which university has 2 Chancellor, 2 registrar, 2 vice Chancellor it's a big mess created here. God should help students to some how complete their career in this university. Can't even give one star also because there is no option for 0 stars.",1.0,-0.5812,Negative,1,1.0,1,1.8376
ChdDSUhNMG9nS0VJQ0FnSUNnNV8tbzRBRRAB,Best college in India.So far my experience is very good.Such a warm and friendly environment. Several industry experts came here time to time for the expert lecture on latest industry trends.,2.0,0.8612,Positive,4,3.0,3,4.7224
ChdDSUhNMG9nS0VJQ0FnSUN3OHJlQWtnRRAB,The faculty is encouraging and supportive.The students get a number of opportunities to do internships in various companies.  Faculty always take great responsibility for doubt clearing in any subjects. The college infrastructure is very good.Overall placement of the college is very good.,4.0,0.902,Positive,4,4.0,4,4.804
ChdDSUhNMG9nS0VJQ0FnSUNBOXRia2lnRRAB,,1.0,1.5,Positive,5,1.0,1,6.0
ChdDSUhNMG9nS0VJQ0FnSUNBNTgtQW1BRRAB,,1.0,1.5,Positive,5,1.0,1,6.0
ChZDSUhNMG9nS0VJQ0FnSUN3dmFDTUJ3EAE,"I am very thankful to Alliance University for giving wings to my future.My teachers showed me the way to success.Their teaching methodology is best in India.I have got ample opportunities while doing my graduation not only in academics but also in cultural activities.You can also get global exposure, as they have very good International connections.",4.0,0.8976,Positive,4,4.0,4,4.7951999999999995
ChdDSUhNMG9nS0VJQ0FnSUNRNzdDdTdRRRAB,"Fake university ,frauds and 96 scams and management sucks money from you ,worst college pls dont join n dont ruin your life guys",1.0,-0.9362,Negative,1,1.0,1,1.1276
ChdDSUhNMG9nS0VJQ0FnSURBeHMzWG1nRRAB,The most useless university troubling students,1.0,-0.7818,Negative,1,1.0,1,1.4364
ChZDSUhNMG9nS0VJQ0FnSUNnMmZETEhnEAE,,1.0,1.5,Positive,5,1.0,1,6.0
ChdDSUhNMG9nS0VJQ0FnSURBcHRxYnFnRRAB,,5.0,1.5,Positive,5,5.0,5,6.0
ChZDSUhNMG9nS0VJQ0FnSUNnMDZYN0p3EAE,,4.0,1.5,Positive,5,4.0,4,6.0
ChZDSUhNMG9nS0VJQ0FnSURBZzlXeUJBEAE,,5.0,1.5,Positive,5,5.0,5,6.0
ChZDSUhNMG9nS0VJQ0FnSUNnMGV2eFZREAE,,1.0,1.5,Positive,5,1.0,1,6.0
ChZDSUhNMG9nS0VJQ0FnSUN3OC1yY1BREAE,Nice college,5.0,0.4215,Positive,3,4.0,4,3.843
ChZDSUhNMG9nS0VJQ0FnSUN3dXJuWUpBEAE,,4.0,1.5,Positive,5,4.0,4,6.0
ChdDSUhNMG9nS0VJQ0FnSUNBa1pyeDFRRRAB,,1.0,1.5,Positive,5,1.0,1,6.0
ChZDSUhNMG9nS0VJQ0FnSUNRdTctTGF3EAE,,5.0,1.5,Positive,5,5.0,5,6.0
ChdDSUhNMG9nS0VJQ0FnSUNRMU1UTDh3RRAB,,5.0,1.5,Positive,5,5.0,5,6.0
ChdDSUhNMG9nS0VJQ0FnSUNRdzlXaGtRRRAB,,5.0,1.5,Positive,5,5.0,5,6.0
ChZDSUhNMG9nS0VJQ0FnSUNnenZmQmRBEAE,,5.0,1.5,Positive,5,5.0,5,6.0
ChdDSUhNMG9nS0VJQ0FnSUNBaXFiNTl3RRAB,,5.0,1.5,Positive,5,5.0,5,6.0
ChZDSUhNMG9nS0VJQ0FnSUNBZ05qdGFREAE,,5.0,1.5,Positive,5,5.0,5,6.0
ChdDSUhNMG9nS0VJQ0FnSUNRd2M3Ri1BRRAB,,5.0,1.5,Positive,5,5.0,5,6.0
ChZDSUhNMG9nS0VJQ0FnSUNBMEx1bldnEAE,Best 2 years of my student life,5.0,0.6369,Positive,4,4.5,5,4.2738
ChdDSUhNMG9nS0VJQ0FnSURRZ2N2RF9nRRAB,,5.0,1.5,Positive,5,5.0,5,6.0
ChdDSUhNMG9nS0VJQ0FnSUN3OGE3WTNBRRAB,,4.0,1.5,Positive,5,4.0,4,6.0
ChZDSUhNMG9nS0VJQ0FnSUNBaWF6bVV3EAE,,5.0,1.5,Positive,5,5.0,5,6.0
ChdDSUhNMG9nS0VJQ0FnSUNnNk1HYTlnRRAB,"Just don't fall for the infrastructure. The campus of the university is too good and attractive, but the coaching for B.Tech is not at all good. The Chancellor of the university had clashed and they postponed the exams according to their wish. NEVER CHOOSE THIS FOR ENGINEERING",1.0,0.2826,Positive,3,2.0,2,3.5652
ChdDSUhNMG9nS0VJQ0FnSUNBMkpibGxRRRAB,,5.0,1.5,Positive,5,5.0,5,6.0
ChdDSUhNMG9nS0VJQ0FnSURRdW83SjB3RRAB,,5.0,1.5,Positive,5,5.0,5,6.0
ChdDSUhNMG9nS0VJQ0FnSUNBcEx2X3JBRRAB,,4.0,1.5,Positive,5,4.0,4,6.0
ChZDSUhNMG9nS0VJQ0FnSURROXJQblp3EAE,,5.0,1.5,Positive,5,5.0,5,6.0
ChdDSUhNMG9nS0VJQ0FnSURBZ01XcXZnRRAB,,5.0,1.5,Positive,5,5.0,5,6.0
ChZDSUhNMG9nS0VJQ0FnSUNRcGI3OUJREAE,University with good infrastructure and  campus,4.0,0.4404,Positive,3,3.5,4,3.8808
ChRDSUhNMG9nS0VJQ0FnSURBbC1wUxAB,Stayed near this college once upon a time.,5.0,0.0,Neutral,2,3.5,4,3.0
ChZDSUhNMG9nS0VJQ0FnSURRcWRYOVVREAE,Super place ... student can enjoy there life .. ,5.0,0.7964,Positive,4,4.5,5,4.5928
ChdDSUhNMG9nS0VJQ0FnSURBMlpQR29RRRAB,,1.0,1.5,Positive,5,1.0,1,6.0
ChdDSUhNMG9nS0VJQ0FnSUN3cUstd3RRRRAB,,4.0,1.5,Positive,5,4.0,4,6.0
ChdDSUhNMG9nS0VJQ0FnSURRdE5Xb3ZnRRAB,,4.0,1.5,Positive,5,4.0,4,6.0
ChdDSUhNMG9nS0VJQ0FnSUNRczctUHF3RRAB,"Very nice campus, nice facility and Greenary ",4.0,0.7316,Positive,4,4.0,4,4.4632000000000005
ChZDSUhNMG9nS0VJQ0FnSURBN2NmdlpnEAE,,5.0,1.5,Positive,5,5.0,5,6.0
ChZDSUhNMG9nS0VJQ0FnSUNRdjYtNWJBEAE,,5.0,1.5,Positive,5,5.0,5,6.0
ChdDSUhNMG9nS0VJQ0FnSUN3NWVEVTBRRRAB,Good campus. Excellent faculty. Away from the hustles of Bangalore City.,4.0,0.765,Positive,4,4.0,4,4.53
ChZDSUhNMG9nS0VJQ0FnSURnNk9iRkFREAE,(Translated by Google) Awsm Infrastructure  (Original) Awsm Infrastructure ,5.0,0.3182,Positive,3,4.0,4,3.6364
ChZDSUhNMG9nS0VJQ0FnSURnNV9LMWFBEAE,"Very far from city, no direct connectivity. One has to know the different bus route to reach here. If you don't mind spending then hire a Cab, which is costly. Taxi service like uber or ola does not operate here.",2.0,0.0,Neutral,2,2.0,2,3.0
ChdDSUhNMG9nS0VJQ0FnSUNROGVYazhnRRAB,,5.0,1.5,Positive,5,5.0,5,6.0
ChdDSUhNMG9nS0VJQ0FnSURBaExLVXJnRRAB,The place to know the real management.  ,5.0,0.0,Neutral,2,3.5,4,3.0
ChZDSUhNMG9nS0VJQ0FnSUNBcmZEMmZ3EAE,,4.0,1.5,Positive,5,4.0,4,6.0
ChZDSUhNMG9nS0VJQ0FnSURBODhhUVF3EAE,,5.0,1.5,Positive,5,5.0,5,6.0
ChdDSUhNMG9nS0VJQ0FnSUNRbF9yRjlnRRAB,,4.0,1.5,Positive,5,4.0,4,6.0
ChdDSUhNMG9nS0VJQ0FnSURBX0ttQjlRRRAB,,5.0,1.5,Positive,5,5.0,5,6.0
ChdDSUhNMG9nS0VJQ0FnSURBaXRHQXRnRRAB,,4.0,1.5,Positive,5,4.0,4,6.0
ChZDSUhNMG9nS0VJQ0FnSURnd19DZ1BnEAE,,5.0,1.5,Positive,5,5.0,5,6.0
ChZDSUhNMG9nS0VJQ0FnSURBa192emFBEAE,,5.0,1.5,Positive,5,5.0,5,6.0
ChdDSUhNMG9nS0VJQ0FnSUNnaE1TaHVBRRAB,,4.0,1.5,Positive,5,4.0,4,6.0
ChdDSUhNMG9nS0VJQ0FnSUN3LU5tdXZBRRAB,,2.0,1.5,Positive,5,2.0,2,6.0
ChZDSUhNMG9nS0VJQ0FnSURRbklxTVV3EAE,,4.0,1.5,Positive,5,4.0,4,6.0
ChdDSUhNMG9nS0VJQ0FnSUNnaE1EYzl3RRAB,,4.0,1.5,Positive,5,4.0,4,6.0
ChdDSUhNMG9nS0VJQ0FnSUN3LWFUdWdRRRAB,,4.0,1.5,Positive,5,4.0,4,6.0
ChZDSUhNMG9nS0VJQ0FnSUNRamFpUlJnEAE,,5.0,1.5,Positive,5,5.0,5,6.0
ChZDSUhNMG9nS0VJQ0FnSUN3OS1yd0tREAE,,5.0,1.5,Positive,5,5.0,5,6.0
ChdDSUhNMG9nS0VJQ0FnSUN3dmZDOG5RRRAB,,5.0,1.5,Positive,5,5.0,5,6.0
ChZDSUhNMG9nS0VJQ0FnSUNBejhiSVBBEAE,"Campus is great; infrastructure great; teaching average; events awesome; administration decent; sports goodish decent, hostel okay, power and Wi-Fi can be a problem at times; people - sycophantic and two faced; food - there are two places, a food count and a   food lounge, food court is horrible but the lounge is great with a few pool table and bean bags. The one star for being so remote.",5.0,0.8922,Positive,4,4.5,5,4.7844
ChdDSUhNMG9nS0VJQ0FnSUN3c3RYZHNBRRAB,No.1 collage in Banglore,5.0,0.0,Neutral,2,3.5,4,3.0
ChZDSUhNMG9nS0VJQ0FnSUNRanFIbFdnEAE,,5.0,1.5,Positive,5,5.0,5,6.0
ChZDSUhNMG9nS0VJQ0FnSURneC1PLUdBEAE,Good college for management ,3.0,0.4404,Positive,3,3.0,3,3.8808
ChdDSUhNMG9nS0VJQ0FnSUN3dTQ3Uzl3RRAB,,5.0,1.5,Positive,5,5.0,5,6.0
ChZDSUhNMG9nS0VJQ0FnSURnN0pDVVNBEAE,,4.0,1.5,Positive,5,4.0,4,6.0
ChdDSUhNMG9nS0VJQ0FnSURBd01tbm9nRRAB,Super university,5.0,0.5994,Positive,4,4.5,5,4.1988
ChdDSUhNMG9nS0VJQ0FnSUNndXEzbnlBRRAB,(Translated by Google) good place  (Original) good plaats,1.0,0.7964,Positive,4,2.5,2,4.5928
ChZDSUhNMG9nS0VJQ0FnSUNRdTRiZlZ3EAE,,4.0,1.5,Positive,5,4.0,4,6.0
ChdDSUhNMG9nS0VJQ0FnSUNnMWUzbTdBRRAB,I am from chennai .. I wanna know How is the Online Executive program EPGDM offered in Alliance? is it valuable ? or would you suggest me go for a local college? DO you get good Job opportunities after doing this course ?,4.0,0.8611,Positive,4,4.0,4,4.7222
ChZDSUhNMG9nS0VJQ0FnSUNnaE1HYktREAE,,5.0,1.5,Positive,5,5.0,5,6.0
ChdDSUhNMG9nS0VJQ0FnSUN3anJuVS1BRRAB,Wonderful environment for study,5.0,0.5719,Positive,4,4.5,5,4.1438
ChZDSUhNMG9nS0VJQ0FnSUNBX0lISmRnEAE,,4.0,1.5,Positive,5,4.0,4,6.0
ChZDSUhNMG9nS0VJQ0FnSURBMW9TS1dnEAE,,5.0,1.5,Positive,5,5.0,5,6.0
ChZDSUhNMG9nS0VJQ0FnSURnLTdhd1pREAE,,5.0,1.5,Positive,5,5.0,5,6.0
ChdDSUhNMG9nS0VJQ0FnSURBa3FlZjlnRRAB,Good to persue MBA from Alliance B-School,4.0,0.4404,Positive,3,3.5,4,3.8808
ChZDSUhNMG9nS0VJQ0FnSURneHZyUVNREAE,,5.0,1.5,Positive,5,5.0,5,6.0
ChZDSUhNMG9nS0VJQ0FnSUNnXzRfR1FBEAE,,5.0,1.5,Positive,5,5.0,5,6.0
ChZDSUhNMG9nS0VJQ0FnSUNRXy0tYlZREAE,Ok ,5.0,0.296,Positive,3,4.0,4,3.592
ChdDSUhNMG9nS0VJQ0FnSURRNk9iSnBnRRAB,Whatever's  ,5.0,0.0,Neutral,2,3.5,4,3.0
ChZDSUhNMG9nS0VJQ0FnSURnM1l2QlhREAE,,1.0,1.5,Positive,5,1.0,1,6.0
ChdDSUhNMG9nS0VJQ0FnSUN3NDVPempnRRAB,,1.0,1.5,Positive,5,1.0,1,6.0
ChdDSUhNMG9nS0VJQ0FnSURBanMzMnhBRRAB,,5.0,1.5,Positive,5,5.0,5,6.0
ChZDSUhNMG9nS0VJQ0FnSURnbk1fS05BEAE,,5.0,1.5,Positive,5,5.0,5,6.0
ChZDSUhNMG9nS0VJQ0FnSUN3dWZyVlNBEAE,I just love the infrastructure.... Peaceful...... I can actually click nice pictures here.... :püòõ,4.0,0.9042,Positive,4,4.0,4,4.8084
ChZDSUhNMG9nS0VJQ0FnSURRd1ppalRnEAE,"Campus is great; infrastructure great; teaching average; events awesome; administration decent; sports goodish decent (no swimming pool! Bummer :| ) hostel okay, power and WiFi can be a problem at times; people - sycophantic and two faced; food - there are two places, a food count and a   food lounge, food court is horrible but the lounge is great with a few pool table and bean bags. The one star for being soo remote. ",4.0,0.8733,Positive,4,4.0,4,4.7466
ChZDSUhNMG9nS0VJQ0FnSUNncHBIbERBEAE,,4.0,1.5,Positive,5,4.0,4,6.0
ChdDSUhNMG9nS0VJQ0FnSURndTk3M3dBRRAB,,1.0,1.5,Positive,5,1.0,1,6.0
ChdDSUhNMG9nS0VJQ0FnSURRNWF2Q2tRRRAB,,5.0,1.5,Positive,5,5.0,5,6.0
ChZDSUhNMG9nS0VJQ0FnSURBaC02VE9REAE,Best university ,5.0,0.6369,Positive,4,4.5,5,4.2738
ChdDSUhNMG9nS0VJQ0FnSURRaTgzM3RRRRAB,,4.0,1.5,Positive,5,4.0,4,6.0
ChZDSUhNMG9nS0VJQ0FnSUNneXFIMmZnEAE,,4.0,1.5,Positive,5,4.0,4,6.0
ChdDSUhNMG9nS0VJQ0FnSUNBZ1ktMnJ3RRAB,,4.0,1.5,Positive,5,4.0,4,6.0
ChZDSUhNMG9nS0VJQ0FnSUNRcXZYWGRREAE,can any one tell me about the mba programe in alliance. is it good ,5.0,0.4404,Positive,3,4.0,4,3.8808
ChdDSUhNMG9nS0VJQ0FnSUNRNlpuM293RRAB,,5.0,1.5,Positive,5,5.0,5,6.0
ChdDSUhNMG9nS0VJQ0FnSURRajRLNzlBRRAB,,4.0,1.5,Positive,5,4.0,4,6.0
ChZDSUhNMG9nS0VJQ0FnSUN3cW9TUmNREAE,Great infrastructure ,5.0,0.6249,Positive,4,4.5,5,4.2498000000000005
ChdDSUhNMG9nS0VJQ0FnSUN3dFBmMHFRRRAB,Well known University with world class Infrastructure,5.0,0.2732,Positive,3,4.0,4,3.5464
ChZDSUhNMG9nS0VJQ0FnSUNnOHEzMmJREAE,,5.0,1.5,Positive,5,5.0,5,6.0
ChZDSUhNMG9nS0VJQ0FnSUNnczhhSlh3EAE,,1.0,1.5,Positive,5,1.0,1,6.0
ChdDSUhNMG9nS0VJQ0FnSUN3c2ZUTHhRRRAB,Awesome,4.0,0.6249,Positive,4,4.0,4,4.2498000000000005
ChZDSUhNMG9nS0VJQ0FnSUNBdjh1MkJBEAE,,5.0,1.5,Positive,5,5.0,5,6.0
ChZDSUhNMG9nS0VJQ0FnSURnMWE2aVlBEAE,,4.0,1.5,Positive,5,4.0,4,6.0
ChdDSUhNMG9nS0VJQ0FnSUNBbXRmWjVBRRAB,,5.0,1.5,Positive,5,5.0,5,6.0
ChdDSUhNMG9nS0VJQ0FnSUN3bzQ2WGdRRRAB,Its a gud and peaceful campus.I love it a lot,5.0,0.8126,Positive,4,4.5,5,4.6251999999999995
ChZDSUhNMG9nS0VJQ0FnSURRaVl5bUpnEAE,,5.0,1.5,Positive,5,5.0,5,6.0
ChZDSUhNMG9nS0VJQ0FnSURBNzc3RGVnEAE,Nice college,5.0,0.4215,Positive,3,4.0,4,3.843
ChZDSUhNMG9nS0VJQ0FnSURBOXNHMElBEAE, ,5.0,0.0,Neutral,2,3.5,4,3.0
ChdDSUhNMG9nS0VJQ0FnSURnNE1TbTJ3RRAB,,5.0,1.5,Positive,5,5.0,5,6.0
ChdDSUhNMG9nS0VJQ0FnSUNBelpEQTVRRRAB,Best,4.0,0.6369,Positive,4,4.0,4,4.2738
ChZDSUhNMG9nS0VJQ0FnSURnZ2V2VWV3EAE,,5.0,1.5,Positive,5,5.0,5,6.0
ChdDSUhNMG9nS0VJQ0FnSUN3M0xMNnJ3RRAB,PLANNING TO JOIN THIS COLLEGE.LETS HOPE I GET IT FINGERS CROSSED,5.0,0.6249,Positive,4,4.5,5,4.2498000000000005
ChZDSUhNMG9nS0VJQ0FnSUNRcF9Xd0pnEAE,,4.0,1.5,Positive,5,4.0,4,6.0
ChZDSUhNMG9nS0VJQ0FnSUNReTh5MU13EAE,Beautiful campus and infrastructure. Has attained global standards.,5.0,0.5994,Positive,4,4.5,5,4.1988
ChdDSUhNMG9nS0VJQ0FnSUNRMUtEbG9nRRAB,,5.0,1.5,Positive,5,5.0,5,6.0
ChdDSUhNMG9nS0VJQ0FnSUNnd0ozbHRRRRAB,"Awesome college , This college helps get into a corporate world.",5.0,0.7717,Positive,4,4.5,5,4.5434
ChZDSUhNMG9nS0VJQ0FnSURROFpuaWRnEAE,Nice campus . ,5.0,0.4215,Positive,3,4.0,4,3.843
ChZDSUhNMG9nS0VJQ0FnSURnM0ktZ1F3EAE,,5.0,1.5,Positive,5,5.0,5,6.0
ChZDSUhNMG9nS0VJQ0FnSURBMHZhSERnEAE,,1.0,1.5,Positive,5,1.0,1,6.0
ChdDSUhNMG9nS0VJQ0FnSURnbTVmSzdBRRAB,,5.0,1.5,Positive,5,5.0,5,6.0
ChZDSUhNMG9nS0VJQ0FnSURnaE5EMEF3EAE,"Plan to do my Aerospace engineering course from this college. No doubts, the campus is really amazing. Huge...",5.0,0.8205,Positive,4,4.5,5,4.641
ChZDSUhNMG9nS0VJQ0FnSURnb3ZlckVBEAE,,5.0,1.5,Positive,5,5.0,5,6.0
ChZDSUhNMG9nS0VJQ0FnSUNnb3VqZFhREAE,,5.0,1.5,Positive,5,5.0,5,6.0
ChdDSUhNMG9nS0VJQ0FnSUNnek9XcXh3RRAB,very poor,2.0,-0.5256,Negative,1,1.5,1,1.9488
ChZDSUhNMG9nS0VJQ0FnSURRM3JxTk93EAE,,5.0,1.5,Positive,5,5.0,5,6.0
ChZDSUhNMG9nS0VJQ0FnSUNnaGNqYlRBEAE,"Being a student of Aerospace Engineering department, loved the college and campus beauty.",5.0,0.8271,Positive,4,4.5,5,4.6541999999999994
ChZDSUhNMG9nS0VJQ0FnSURBNzhfZklnEAE,Super,5.0,0.5994,Positive,4,4.5,5,4.1988
ChZDSUhNMG9nS0VJQ0FnSUNRcUtXQ0d3EAE,,2.0,1.5,Positive,5,2.0,2,6.0
ChZDSUhNMG9nS0VJQ0FnSUNBNnEzdUxBEAE,,5.0,1.5,Positive,5,5.0,5,6.0
ChdDSUhNMG9nS0VJQ0FnSUNROTdLcHl3RRAB,"Awesome college...Superb Campus,Professors.. Loved it ",5.0,0.8402,Positive,4,4.5,5,4.6804
ChdDSUhNMG9nS0VJQ0FnSURRdzVQRXlRRRAB,,5.0,1.5,Positive,5,5.0,5,6.0
ChdDSUhNMG9nS0VJQ0FnSUNBbGR5VTZnRRAB,(Translated by Google) meh .. -_-  (Original) meh.. -_- ,5.0,0.1779,Positive,3,4.0,4,3.3558
ChZDSUhNMG9nS0VJQ0FnSUNRalBtdmRREAE,,5.0,1.5,Positive,5,5.0,5,6.0
ChdDSUhNMG9nS0VJQ0FnSUNRLUpXdTRRRRAB,Waiting for college to start. B),5.0,0.0,Neutral,2,3.5,4,3.0
ChdDSUhNMG9nS0VJQ0FnSURRN1pTdDdRRRAB,,5.0,1.5,Positive,5,5.0,5,6.0
ChZDSUhNMG9nS0VJQ0FnSURnMHFtOU1BEAE,,5.0,1.5,Positive,5,5.0,5,6.0
ChdDSUhNMG9nS0VJQ0FnSURBMjdENGxnRRAB,,5.0,1.5,Positive,5,5.0,5,6.0
