,id_review,rating,compound,Sentiment,pred,temp_pred,fin_pred
ChZDSUhNMG9nS0VJQ0FnSUQ4eDdydllBEAE,,3.0,1.5,Positive,5,3.0,3
ChdDSUhNMG9nS0VJQ0FnSUQ4dTViYmpBRRAB,,5.0,1.5,Positive,5,5.0,5
ChZDSUhNMG9nS0VJQ0FnSUQ4cTlYVWV3EAE,,5.0,1.5,Positive,5,5.0,5
ChdDSUhNMG9nS0VJQ0FnSUQ4eTRTWjVRRRAB,,5.0,1.5,Positive,5,5.0,5
ChdDSUhNMG9nS0VJQ0FnSUQ4OF9QeV9RRRAB,,5.0,1.5,Positive,5,5.0,5
ChdDSUhNMG9nS0VJQ0FnSUQ4ODlPSTZRRRAB,,1.0,1.5,Positive,5,1.0,1
ChdDSUhNMG9nS0VJQ0FnSUQ4Z19IM3ZnRRAB,,5.0,1.5,Positive,5,5.0,5
ChZDSUhNMG9nS0VJQ0FnSURjMktib1VnEAE,Its awesome,5.0,0.6249,Positive,3,4.0,4
ChZDSUhNMG9nS0VJQ0FnSUQ4bmVuVEF3EAE,,5.0,1.5,Positive,5,5.0,5
ChZDSUhNMG9nS0VJQ0FnSUQ4MWZYa093EAE,,4.0,1.5,Positive,5,4.0,4
ChZDSUhNMG9nS0VJQ0FnSUQ4MWN5MFBBEAE,,5.0,1.5,Positive,5,5.0,5
ChdDSUhNMG9nS0VJQ0FnSUQ4bFp1bTl3RRAB,,5.0,1.5,Positive,5,5.0,5
ChZDSUhNMG9nS0VJQ0FnSUQ4aGYzV1lnEAE,,5.0,1.5,Positive,5,5.0,5
ChZDSUhNMG9nS0VJQ0FnSUQ4NlpHTkR3EAE,,5.0,1.5,Positive,5,5.0,5
ChdDSUhNMG9nS0VJQ0FnSUQ4cVpUMXdnRRAB,,5.0,1.5,Positive,5,5.0,5
ChZDSUhNMG9nS0VJQ0FnSUQ4aVotSlFBEAE,Good campus,5.0,0.4404,Positive,3,4.0,4
ChdDSUhNMG9nS0VJQ0FnSUM4clpYbWx3RRAB,NO 1 COLLEGE,5.0,-0.4466,Negative,1,3.0,3
ChZDSUhNMG9nS0VJQ0FnSUM4eWNfMENBEAE,,4.0,1.5,Positive,5,4.0,4
ChZDSUhNMG9nS0VJQ0FnSUM4eWFmUk93EAE,(Translated by Google) Bhadira  (Original) Bhadira,5.0,0.3182,Positive,3,4.0,4
ChZDSUhNMG9nS0VJQ0FnSUM4b2V6alhBEAE,,5.0,1.5,Positive,5,5.0,5
ChdDSUhNMG9nS0VJQ0FnSUM4d2QyQTNnRRAB,,5.0,1.5,Positive,5,5.0,5
ChZDSUhNMG9nS0VJQ0FnSUM4aHAtOURBEAE,,5.0,1.5,Positive,5,5.0,5
ChdDSUhNMG9nS0VJQ0FnSUM4cXRhczVBRRAB,,5.0,1.5,Positive,5,5.0,5
ChZDSUhNMG9nS0VJQ0FnSUM4c3RiaEFnEAE,One of the leading Institute Inna Mangalore,5.0,0.0,Neutral,2,3.5,4
ChZDSUhNMG9nS0VJQ0FnSUM4d3NxdFJnEAE,,5.0,1.5,Positive,5,5.0,5
ChdDSUhNMG9nS0VJQ0FnSUM4dkxUbjN3RRAB,,5.0,1.5,Positive,5,5.0,5
ChZDSUhNMG9nS0VJQ0FnSUM4bkpIUlZ3EAE,Marvelous,5.0,0.5994,Positive,3,4.0,4
ChZDSUhNMG9nS0VJQ0FnSUM4bkxxVUJnEAE,,5.0,1.5,Positive,5,5.0,5
ChdDSUhNMG9nS0VJQ0FnSUM4bktxcHh3RRAB,,5.0,1.5,Positive,5,5.0,5
ChRDSUhNMG9nS0VJQ0FnSUM4bVBKZBAB,Go to nitk.ac.in for full details. It's an excellent institute for any meritorious student after 12th.,5.0,0.7783,Positive,4,4.5,5
ChdDSUhNMG9nS0VJQ0FnSUM4eU5QNXpBRRAB,,4.0,1.5,Positive,5,4.0,4
ChdDSUhNMG9nS0VJQ0FnSUM4c051WjBnRRAB,,4.0,1.5,Positive,5,4.0,4
ChZDSUhNMG9nS0VJQ0FnSURjXzV2elNREAE,,5.0,1.5,Positive,5,5.0,5
ChdDSUhNMG9nS0VJQ0FnSURjcjZmeXZ3RRAB,(Translated by Google) Service is good  (Original) Service is gud,5.0,0.6369,Positive,4,4.5,5
ChdDSUhNMG9nS0VJQ0FnSURjcjdEN2p3RRAB,,5.0,1.5,Positive,5,5.0,5
ChdDSUhNMG9nS0VJQ0FnSURjai1DeHJ3RRAB,,5.0,1.5,Positive,5,5.0,5
ChdDSUhNMG9nS0VJQ0FnSURjLThYczBBRRAB,,4.0,1.5,Positive,5,4.0,4
ChdDSUhNMG9nS0VJQ0FnSURjNjkyRnZRRRAB,Good,1.0,0.4404,Positive,3,2.0,2
ChZDSUhNMG9nS0VJQ0FnSURjbGUybUlREAE,,5.0,1.5,Positive,5,5.0,5
ChZDSUhNMG9nS0VJQ0FnSURjaVo2bkJBEAE,,4.0,1.5,Positive,5,4.0,4
ChZDSUhNMG9nS0VJQ0FnSURjMGJDSWRnEAE,,5.0,1.5,Positive,5,5.0,5
ChdDSUhNMG9nS0VJQ0FnSURja2VhUHN3RRAB,,4.0,1.5,Positive,5,4.0,4
ChZDSUhNMG9nS0VJQ0FnSURjNGVXc0d3EAE,,5.0,1.5,Positive,5,5.0,5
ChdDSUhNMG9nS0VJQ0FnSURjNGRyMXlnRRAB,,4.0,1.5,Positive,5,4.0,4
ChdDSUhNMG9nS0VJQ0FnSURjanBxZDlBRRAB,,4.0,1.5,Positive,5,4.0,4
ChZDSUhNMG9nS0VJQ0FnSURjOW9mQ093EAE,Awasm experience and the part is beach.,5.0,0.0,Neutral,2,3.5,4
ChZDSUhNMG9nS0VJQ0FnSURjdHZHN2FnEAE,,5.0,1.5,Positive,5,5.0,5
ChZDSUhNMG9nS0VJQ0FnSURjMXRDQ093EAE,,5.0,1.5,Positive,5,5.0,5
ChdDSUhNMG9nS0VJQ0FnSURjcHNuZW5BRRAB,,4.0,1.5,Positive,5,4.0,4
ChdDSUhNMG9nS0VJQ0FnSURjLXRQOG9RRRAB,I was research scholar here. One of the best NIT'S of India. Competing IIT's also. Some of the braches in NITK are not there in IIT'S. It's pleasure to be NITKIAN‚úåüèª,5.0,0.9022,Positive,4,4.5,5
ChdDSUhNMG9nS0VJQ0FnSURjLXZyOXJRRRAB,,5.0,1.5,Positive,5,5.0,5
ChZDSUhNMG9nS0VJQ0FnSURjdXFMN0RREAE,,5.0,1.5,Positive,5,5.0,5
ChdDSUhNMG9nS0VJQ0FnSURjdXBTcnhnRRAB,,5.0,1.5,Positive,5,5.0,5
ChZDSUhNMG9nS0VJQ0FnSURjcXNiSEJREAE,,5.0,1.5,Positive,5,5.0,5
ChZDSUhNMG9nS0VJQ0FnSURjeXNQWExREAE,It's the only NIT in Karnataka and most reputed college,5.0,0.0,Neutral,2,3.5,4
ChdDSUhNMG9nS0VJQ0FnSURjeXQ2TTF3RRAB,,5.0,1.5,Positive,5,5.0,5
ChdDSUhNMG9nS0VJQ0FnSURjMHJMNG1BRRAB,,5.0,1.5,Positive,5,5.0,5
ChZDSUhNMG9nS0VJQ0FnSURjMHZqQ1lnEAE,,5.0,1.5,Positive,5,5.0,5
ChZDSUhNMG9nS0VJQ0FnSURjNHN2WERREAE,,3.0,1.5,Positive,5,3.0,3
ChZDSUhNMG9nS0VJQ0FnSURjNHFtMmN3EAE,,5.0,1.5,Positive,5,5.0,5
ChZDSUhNMG9nS0VJQ0FnSURjd3A2SWVnEAE,,5.0,1.5,Positive,5,5.0,5
ChdDSUhNMG9nS0VJQ0FnSURjd3Rhdl9BRRAB,,5.0,1.5,Positive,5,5.0,5
ChZDSUhNMG9nS0VJQ0FnSURjZ3ZTa0d3EAE,,5.0,1.5,Positive,5,5.0,5
ChdDSUhNMG9nS0VJQ0FnSURjdkxLSjBRRRAB,,5.0,1.5,Positive,5,5.0,5
ChZDSUhNMG9nS0VJQ0FnSURjdk1qWVJBEAE,,5.0,1.5,Positive,5,5.0,5
ChdDSUhNMG9nS0VJQ0FnSURjbkpiYnpnRRAB,,5.0,1.5,Positive,5,5.0,5
ChZDSUhNMG9nS0VJQ0FnSURjN08tb0FREAE,,5.0,1.5,Positive,5,5.0,5
ChZDSUhNMG9nS0VJQ0FnSURjN0xXbVBnEAE,,5.0,1.5,Positive,5,5.0,5
ChdDSUhNMG9nS0VJQ0FnSURjcktxeDB3RRAB,,5.0,1.5,Positive,5,5.0,5
ChdDSUhNMG9nS0VJQ0FnSURjck55c25BRRAB,,5.0,1.5,Positive,5,5.0,5
ChZDSUhNMG9nS0VJQ0FnSURjekwtZERnEAE,Well organised campus,5.0,0.2732,Positive,3,4.0,4
ChZDSUhNMG9nS0VJQ0FnSURjak9iNmR3EAE,,4.0,1.5,Positive,5,4.0,4
ChZDSUhNMG9nS0VJQ0FnSURjak5qRk1REAE,Good Institute in India. Good research facillties and Infrastructure.,5.0,0.7003,Positive,4,4.5,5
ChdDSUhNMG9nS0VJQ0FnSURjOVBEOTVRRRAB,,1.0,1.5,Positive,5,1.0,1
ChdDSUhNMG9nS0VJQ0FnSURjbE1ybDJBRRAB,,5.0,1.5,Positive,5,5.0,5
ChZDSUhNMG9nS0VJQ0FnSURjbEt5Q2FREAE,,3.0,1.5,Positive,5,3.0,3
ChdDSUhNMG9nS0VJQ0FnSUN3eTQyeWx3RRAB,,5.0,1.5,Positive,5,5.0,5
ChZDSUhNMG9nS0VJQ0FnSURjeE9IU2VnEAE,Absolutely Great place for a Great Career,5.0,0.8588,Positive,4,4.5,5
ChZDSUhNMG9nS0VJQ0FnSURjaE5uTlRnEAE,,5.0,1.5,Positive,5,5.0,5
ChdDSUhNMG9nS0VJQ0FnSURjaEo3WjB3RRAB,,5.0,1.5,Positive,5,5.0,5
ChdDSUhNMG9nS0VJQ0FnSURjbUtyVGl3RRAB,,5.0,1.5,Positive,5,5.0,5
ChZDSUhNMG9nS0VJQ0FnSURjbVBETFp3EAE,,5.0,1.5,Positive,5,5.0,5
ChdDSUhNMG9nS0VJQ0FnSURjbUpDMzNBRRAB,,5.0,1.5,Positive,5,5.0,5
ChdDSUhNMG9nS0VJQ0FnSURjNk5mVTh3RRAB,,5.0,1.5,Positive,5,5.0,5
ChdDSUhNMG9nS0VJQ0FnSURjcUpXYTlBRRAB,(Translated by Google) Mein saikia  (Original) Mein saikia,5.0,0.3182,Positive,3,4.0,4
ChdDSUhNMG9nS0VJQ0FnSUNjbjRxMGtBRRAB,Good campus,4.0,0.4404,Positive,3,3.5,4
ChZDSUhNMG9nS0VJQ0FnSUNjeTZ1Z0ZREAE,Awesome college...,5.0,0.6249,Positive,3,4.0,4
ChZDSUhNMG9nS0VJQ0FnSUNjazhUWVFnEAE,,2.0,1.5,Positive,5,2.0,2
ChZDSUhNMG9nS0VJQ0FnSUNjX1plRkdnEAE,,5.0,1.5,Positive,5,5.0,5
ChdDSUhNMG9nS0VJQ0FnSUNjcmZIQXJRRRAB,Good courses,5.0,0.4404,Positive,3,4.0,4
ChZDSUhNMG9nS0VJQ0FnSUNjcllxb1N3EAE,Good atmosphere calm and quite,5.0,0.6369,Positive,4,4.5,5
ChZDSUhNMG9nS0VJQ0FnSUNjeGZ6Q0Z3EAE,,5.0,1.5,Positive,5,5.0,5
ChdDSUhNMG9nS0VJQ0FnSURzenVHTmxBRRAB,National Institute of technology Karnataka Surathkal is a premier technical institute located in Mangaluru formerly known as KREC founded by Sri U Srinivasa Mallya. Started in 1960.  Offers UG & PG programs in Engineering.,4.0,0.0,Neutral,2,3.0,3
ChdDSUhNMG9nS0VJQ0FnSURzdVlteS1BRRAB,One of the best nits ........,5.0,0.6369,Positive,4,4.5,5
ChZDSUhNMG9nS0VJQ0FnSURzcWNTT0hnEAE,,1.0,1.5,Positive,5,1.0,1
ChdDSUhNMG9nS0VJQ0FnSURzcHVyOTdRRRAB,,5.0,1.5,Positive,5,5.0,5
ChZDSUhNMG9nS0VJQ0FnSURzNnY2ZFhnEAE,,5.0,1.5,Positive,5,5.0,5
ChdDSUhNMG9nS0VJQ0FnSURzaXBIQWhnRRAB,Very good place for education.. Vast campus.. Good food.. Good teaching,5.0,0.8399,Positive,4,4.5,5
ChdDSUhNMG9nS0VJQ0FnSURzN1BYRHV3RRAB,,4.0,1.5,Positive,5,4.0,4
ChdDSUhNMG9nS0VJQ0FnSURzdFAyZ3d3RRAB,,4.0,1.5,Positive,5,4.0,4
ChZDSUhNMG9nS0VJQ0FnSURzMU15QkZ3EAE,,5.0,1.5,Positive,5,5.0,5
ChdDSUhNMG9nS0VJQ0FnSURNM3ByRzFnRRAB,Good place with such a huge campus .,5.0,0.6369,Positive,4,4.5,5
ChdDSUhNMG9nS0VJQ0FnSURzd0lIVmlRRRAB,Creativity,5.0,0.3818,Positive,3,4.0,4
ChZDSUhNMG9nS0VJQ0FnSUNzdjg3ZVZnEAE,Very much to learn,5.0,0.0,Neutral,2,3.5,4
ChdDSUhNMG9nS0VJQ0FnSUNzMzdITTNBRRAB,,5.0,1.5,Positive,5,5.0,5
ChZDSUhNMG9nS0VJQ0FnSUNzMzdhUk1REAE,,5.0,1.5,Positive,5,5.0,5
ChZDSUhNMG9nS0VJQ0FnSUNzMzRpb0JBEAE,,3.0,1.5,Positive,5,3.0,3
ChZDSUhNMG9nS0VJQ0FnSUNzMTVfM0p3EAE,,5.0,1.5,Positive,5,5.0,5
ChZDSUhNMG9nS0VJQ0FnSUNzbThIRFVnEAE,,5.0,1.5,Positive,5,5.0,5
ChZDSUhNMG9nS0VJQ0FnSUNzZzYyN1d3EAE,Students all around,5.0,0.0,Neutral,2,3.5,4
ChdDSUhNMG9nS0VJQ0FnSUNzblpuajZBRRAB,(Translated by Google) Fentastic üëçüèªüëçüèªüëçüèª  (Original) Fentastic üëçüèªüëçüèªüëçüèª,5.0,0.3182,Positive,3,4.0,4
ChZDSUhNMG9nS0VJQ0FnSUNzNGJ6VlRnEAE,,4.0,1.5,Positive,5,4.0,4
ChdDSUhNMG9nS0VJQ0FnSUNzd2QteHFnRRAB,,5.0,1.5,Positive,5,5.0,5
ChdDSUhNMG9nS0VJQ0FnSUNzaXJtQmp3RRAB,,5.0,1.5,Positive,5,5.0,5
ChZDSUhNMG9nS0VJQ0FnSUNzaXNtcWNBEAE,,5.0,1.5,Positive,5,5.0,5
ChdDSUhNMG9nS0VJQ0FnSUNza3NyS3lnRRAB,,3.0,1.5,Positive,5,3.0,3
ChZDSUhNMG9nS0VJQ0FnSUNzM0xhZ0FREAE,,5.0,1.5,Positive,5,5.0,5
ChdDSUhNMG9nS0VJQ0FnSUNzektMZ3l3RRAB,"The foundation stone for Karnataka Regional Engineering College (KREC) was laid on 6 August 1960,[3]¬†at¬†Surathkal. It was made possible through the efforts of¬†U. Srinivas Mallya¬†and¬†V. S. Kudva¬†and the area is now called Srinivasnagar in his honour. KREC began with three under-graduate courses in engineering:¬†Mechanical,¬†Electrical, and¬†Civil, with affiliation to the¬†University of Mysore. 1965 saw the beginning of under-graduate courses in¬†Chemical¬†and¬†Metallurgical Engineering. In 1966, the college started its first postgraduate course in Marine Structures and Industrial Structures, followed by post-graduate courses in Industrial Electronics (1969), Heat Power (1971), Hydraulics and Water Resources (1971), Chemical Plant Design Engineering (1971) and Process Metallurgy (1972).  More under-graduate engineering courses were added later:¬†Electronics and Communication Engineering¬†(1971),¬†Mining Engineering¬†(1984),¬†Computer Engineering¬†(1986) and information technology (2000). In 1980, KREC came under the affiliation of¬†Mangalore University, and the five-year under-graduate courses were shortened to four-years. On 26 June 2002, it was elevated to the status of a¬†National Institute of Technology¬†and has been called NIT Karnataka (NITK) ever since. It is now a¬†Deemed University. NITK celebrated its 50th Institute Foundation day on 6 August 2009. The year-long Golden Jubilee celebrations were inaugurated on 10 August 2009",5.0,0.8126,Positive,4,4.5,5
ChZDSUhNMG9nS0VJQ0FnSUNzaktTbWZ3EAE,,5.0,1.5,Positive,5,5.0,5
ChZDSUhNMG9nS0VJQ0FnSUNzcE0zTFdREAE,,5.0,1.5,Positive,5,5.0,5
ChZDSUhNMG9nS0VJQ0FnSUNzdUx2dkd3EAE,,5.0,1.5,Positive,5,5.0,5
ChdDSUhNMG9nS0VJQ0FnSUNzbU4tbDZnRRAB,,5.0,1.5,Positive,5,5.0,5
ChZDSUhNMG9nS0VJQ0FnSUNzeU5xOEx3EAE,Good engineering college..,4.0,0.4404,Positive,3,3.5,4
ChdDSUhNMG9nS0VJQ0FnSURNci11Q2l3RRAB,Best,5.0,0.6369,Positive,4,4.5,5
ChdDSUhNMG9nS0VJQ0FnSURNMTR5WG9RRRAB,,5.0,1.5,Positive,5,5.0,5
ChdDSUhNMG9nS0VJQ0FnSURNeDRXcTRnRRAB,One of the best engineering colleges of India,5.0,0.6369,Positive,4,4.5,5
ChdDSUhNMG9nS0VJQ0FnSURNeTZPWndBRRAB,Great,5.0,0.6249,Positive,3,4.0,4
ChdDSUhNMG9nS0VJQ0FnSURNczhxaW9RRRAB,Awesome college,4.0,0.6249,Positive,3,3.5,4
ChZDSUhNMG9nS0VJQ0FnSURNbmJUbUlREAE,,5.0,1.5,Positive,5,5.0,5
ChdDSUhNMG9nS0VJQ0FnSURNN2RteTFBRRAB,It's a very big campus with beach on one side of the campus. It feels great to visit such a top college of India. Hostels are good with every facility. You have small canteens at every point. All types of sports courts are there. Different buildings for different departments. The college is situated on outskirts of Suratkhal. The beach is at walking distance from college. Hostelites generally go there in the evening.,4.0,0.8316,Positive,4,4.0,4
ChZDSUhNMG9nS0VJQ0FnSURNamItSUxREAE,Among the best,5.0,0.6369,Positive,4,4.5,5
ChZDSUhNMG9nS0VJQ0FnSURNamQ3d1pnEAE,,4.0,1.5,Positive,5,4.0,4
ChdDSUhNMG9nS0VJQ0FnSURNOVlfdmp3RRAB,,5.0,1.5,Positive,5,5.0,5
ChdDSUhNMG9nS0VJQ0FnSURNaWRlaWh3RRAB,"Nice infrastructure. Lot of area for study. National Institute of Technology Karnataka¬†(NITK), formerly known as¬†Karnataka Regional Engineering College¬†(KREC), also known as¬†NITK Surathkal, is a public engineering university at Surathkal¬†,¬†Manglore. It was founded in 1960 as KREC while today, it is one of the 32¬†National Institutes of Technology¬†in India and is recognised as an¬†Institute of National Importance¬†by the¬†Government of India. It has a suburban campus, in close proximity to the¬†Arabian Sea. National Highway 66 runs through the campus and serves as the major mode of access.",5.0,0.6486,Positive,4,4.5,5
ChdDSUhNMG9nS0VJQ0FnSURNa2NuaV9BRRAB,,5.0,1.5,Positive,5,5.0,5
ChZDSUhNMG9nS0VJQ0FnSURNZ2FIaEd3EAE,One of the leading Institutions of National Importance in India. Considered a top Institute among the National Institutes of Technology.  Beautiful location abetting the Arabean Sea. Well laid our plan. Most of the buildings were built sometime back. Architecturally they all look typical government buildings. Campus is maintained well.,4.0,0.886,Positive,4,4.0,4
ChdDSUhNMG9nS0VJQ0FnSURNZ2JMLWh3RRAB,This is the best nit in india which is ranked number 1.  Studying in institute with national importance is realy considered as something special globaly.,5.0,0.8658,Positive,4,4.5,5
ChZDSUhNMG9nS0VJQ0FnSURNMXRDbUhBEAE,,5.0,1.5,Positive,5,5.0,5
ChdDSUhNMG9nS0VJQ0FnSURNbHY2dXZ3RRAB,,5.0,1.5,Positive,5,5.0,5
ChZDSUhNMG9nS0VJQ0FnSURNak5yNmVREAE,,5.0,1.5,Positive,5,5.0,5
ChdDSUhNMG9nS0VJQ0FnSURNOU1IZmpRRRAB,"The Institute is well furnished and organized institution and its included all recreational activities, high class sport facilities and gymnasium with yoga center if you want to take rest there is gusthouses based on your interest with a minimum rupees stating from one hundred rupee. The area nears to beach. I love everything the sight of the institution.  I recommended to visitors to visit and enjoy.",5.0,0.9274,Positive,4,4.5,5
ChdDSUhNMG9nS0VJQ0FnSURNLUpfM3lRRRAB,üëå,5.0,0.7297,Positive,4,4.5,5
ChdDSUhNMG9nS0VJQ0FnSURNdUx6RWhBRRAB,,5.0,1.5,Positive,5,5.0,5
ChdDSUhNMG9nS0VJQ0FnSURNbU5uT3VBRRAB,,5.0,1.5,Positive,5,5.0,5
ChZDSUhNMG9nS0VJQ0FnSURNaU56MlNREAE,,5.0,1.5,Positive,5,5.0,5
ChZDSUhNMG9nS0VJQ0FnSURNZ08zNUhBEAE,National Institute of Technology Karnataka is located in Surathkal and one of the top Engineering College of Karnataka. This Institute has very great infrastructure and lab facilities are really good here. They also have their own research centers. Campus of NITK is very clean and good.,5.0,0.9387,Positive,4,4.5,5
ChdDSUhNMG9nS0VJQ0FnSUNNajZHUjRBRRAB,Nice,5.0,0.4215,Positive,3,4.0,4
ChdDSUhNMG9nS0VJQ0FnSUNNODduSm9nRRAB,,5.0,1.5,Positive,5,5.0,5
ChdDSUhNMG9nS0VJQ0FnSUNNMDdLNTZBRRAB,,5.0,1.5,Positive,5,5.0,5
ChZDSUhNMG9nS0VJQ0FnSUNNazVhSU5nEAE,Super,5.0,0.5994,Positive,3,4.0,4
ChZDSUhNMG9nS0VJQ0FnSUNNb19ycFlnEAE,,5.0,1.5,Positive,5,5.0,5
ChdDSUhNMG9nS0VJQ0FnSUNNOWFfejlRRRAB,,5.0,1.5,Positive,5,5.0,5
ChZDSUhNMG9nS0VJQ0FnSUNNNWM2SUd3EAE,,4.0,1.5,Positive,5,4.0,4
ChdDSUhNMG9nS0VJQ0FnSUNNcFlfdy1RRRAB,awesome college to study,5.0,0.6249,Positive,3,4.0,4
ChdDSUhNMG9nS0VJQ0FnSUNNcWRXVnZnRRAB,Good Educational institution,5.0,0.4404,Positive,3,4.0,4
ChdDSUhNMG9nS0VJQ0FnSUNNaWVXSzZ3RRAB,,5.0,1.5,Positive,5,5.0,5
ChdDSUhNMG9nS0VJQ0FnSUNNOGVITXV3RRAB,Please update the Non technical post recruitment process,3.0,0.3182,Positive,3,3.0,3
ChdDSUhNMG9nS0VJQ0FnSUNNNGFlbW1RRRAB,,5.0,1.5,Positive,5,5.0,5
ChZDSUhNMG9nS0VJQ0FnSUNNM3NHakx3EAE,,5.0,1.5,Positive,5,5.0,5
ChZDSUhNMG9nS0VJQ0FnSUNNM283SVZnEAE,,5.0,1.5,Positive,5,5.0,5
ChZDSUhNMG9nS0VJQ0FnSUNNNXBlM1NnEAE,Good,4.0,0.4404,Positive,3,3.5,4
ChZDSUhNMG9nS0VJQ0FnSUNNMVBxeU5REAE,,5.0,1.5,Positive,5,5.0,5
ChdDSUhNMG9nS0VJQ0FnSUNNME0yMm9RRRAB,,5.0,1.5,Positive,5,5.0,5
ChZDSUhNMG9nS0VJQ0FnSUQwM2EzNlZ3EAE,Well place,5.0,0.2732,Positive,3,4.0,4
ChdDSUhNMG9nS0VJQ0FnSUQwNVk3TmdnRRAB,,5.0,1.5,Positive,5,5.0,5
ChZDSUhNMG9nS0VJQ0FnSUQwdWRpb0R3EAE,One of the best institutions in India . Getting into it is a life time achievement,5.0,0.6369,Positive,4,4.5,5
ChdDSUhNMG9nS0VJQ0FnSUQwbWRfXzR3RRAB,,5.0,1.5,Positive,5,5.0,5
ChZDSUhNMG9nS0VJQ0FnSUQwcWJtbE13EAE,,5.0,1.5,Positive,5,5.0,5
ChdDSUhNMG9nS0VJQ0FnSUR3c083Y3lBRRAB,Great college and great sunset,5.0,0.8481,Positive,4,4.5,5
ChdDSUhNMG9nS0VJQ0FnSUQwanRXWjFBRRAB,Excellent faculty,5.0,0.5719,Positive,3,4.0,4
ChZDSUhNMG9nS0VJQ0FnSUQwdHZiZlBnEAE,,1.0,1.5,Positive,5,1.0,1
ChZDSUhNMG9nS0VJQ0FnSUQwNXFtcWJnEAE,,5.0,1.5,Positive,5,5.0,5
ChdDSUhNMG9nS0VJQ0FnSUQwdW9qYy13RRAB,,5.0,1.5,Positive,5,5.0,5
ChZDSUhNMG9nS0VJQ0FnSUQwMHJyTFNnEAE,,5.0,1.5,Positive,5,5.0,5
ChdDSUhNMG9nS0VJQ0FnSUQwMHBLbmxnRRAB,,5.0,1.5,Positive,5,5.0,5
ChdDSUhNMG9nS0VJQ0FnSUQwMHFTS3ZnRRAB,,4.0,1.5,Positive,5,4.0,4
ChdDSUhNMG9nS0VJQ0FnSUQwa29HdDNnRRAB,,5.0,1.5,Positive,5,5.0,5
ChZDSUhNMG9nS0VJQ0FnSUQwZ29UWFNnEAE,,5.0,1.5,Positive,5,5.0,5
ChdDSUhNMG9nS0VJQ0FnSUQwN091VTBBRRAB,,4.0,1.5,Positive,5,4.0,4
ChdDSUhNMG9nS0VJQ0FnSUQwckxMUHFRRRAB,,4.0,1.5,Positive,5,4.0,4
ChZDSUhNMG9nS0VJQ0FnSUQwOU9XRkNBEAE,,4.0,1.5,Positive,5,4.0,4
ChZDSUhNMG9nS0VJQ0FnSUQwdEpqQlNnEAE,,5.0,1.5,Positive,5,5.0,5
ChZDSUhNMG9nS0VJQ0FnSUQwNU5tMlB3EAE,,5.0,1.5,Positive,5,5.0,5
ChZDSUhNMG9nS0VJQ0FnSUQwdU1fRUhnEAE,,5.0,1.5,Positive,5,5.0,5
ChdDSUhNMG9nS0VJQ0FnSUQwbUtiUV9RRRAB,The best,5.0,0.6369,Positive,4,4.5,5
ChZDSUhNMG9nS0VJQ0FnSUQwNktHWld3EAE,,5.0,1.5,Positive,5,5.0,5
ChZDSUhNMG9nS0VJQ0FnSUQwc05lSkR3EAE,,5.0,1.5,Positive,5,5.0,5
ChZDSUhNMG9nS0VJQ0FnSUQwc0llekxBEAE,,4.0,1.5,Positive,5,4.0,4
ChdDSUhNMG9nS0VJQ0FnSUQwMFB1bjdRRRAB,,4.0,1.5,Positive,5,4.0,4
ChdDSUhNMG9nS0VJQ0FnSUMwOV9xVXVnRRAB,,5.0,1.5,Positive,5,5.0,5
ChZDSUhNMG9nS0VJQ0FnSUMwNTU3dE1REAE,"I simply loved my  NITK ?,üáÆüá≥üíï(structural engineering üèó)...bz it is one of the topmost NIT in India which is having best campus with its own beach and  teaching faculties are very well n supportive...üòâ",5.0,0.9179,Positive,4,4.5,5
ChZDSUhNMG9nS0VJQ0FnSUMweDdTemVnEAE,Campus location is simply wow!,5.0,0.6239,Positive,3,4.0,4
ChdDSUhNMG9nS0VJQ0FnSUMwaC1hZ3BBRRAB,,4.0,1.5,Positive,5,4.0,4
ChZDSUhNMG9nS0VJQ0FnSUMwdmVqd1BnEAE,,4.0,1.5,Positive,5,4.0,4
ChdDSUhNMG9nS0VJQ0FnSUMwemFiaV93RRAB,,5.0,1.5,Positive,5,5.0,5
ChZDSUhNMG9nS0VJQ0FnSUMwdWYyVk93EAE,,4.0,1.5,Positive,5,4.0,4
ChdDSUhNMG9nS0VJQ0FnSUMwd2JQWXBnRRAB,,5.0,1.5,Positive,5,5.0,5
ChZDSUhNMG9nS0VJQ0FnSUMwX29XMVpnEAE,,4.0,1.5,Positive,5,4.0,4
ChdDSUhNMG9nS0VJQ0FnSUMwdnFLanRBRRAB,,5.0,1.5,Positive,5,5.0,5
ChZDSUhNMG9nS0VJQ0FnSUMwN3R1UmNREAE,,5.0,1.5,Positive,5,5.0,5
ChdDSUhNMG9nS0VJQ0FnSUMwN3JiZTZRRRAB,,5.0,1.5,Positive,5,5.0,5
ChdDSUhNMG9nS0VJQ0FnSUMwanJmWDF3RRAB,,5.0,1.5,Positive,5,5.0,5
ChZDSUhNMG9nS0VJQ0FnSUMwanR2aGRREAE,,5.0,1.5,Positive,5,5.0,5
ChZDSUhNMG9nS0VJQ0FnSUMwcWFDZVRnEAE,,5.0,1.5,Positive,5,5.0,5
ChZDSUhNMG9nS0VJQ0FnSURBdy12ckRnEAE,"One of the best NITs in India. Superb campus and one of the best placements among all NITs. A lot of research facilities are available with good infrastructure. The hostel facilities are also good for both boys and girls. The labs are also good with latest equipments. The campus is very beautiful and maintained well with some good gardens. There are also some good canteens for students where you get healthy food. The NIT is situated about 20 km away from the city, you can reach there by the city buses.",5.0,0.9883,Positive,4,4.5,5
ChdDSUhNMG9nS0VJQ0FnSURraWJxVC1BRRAB,"College is very close to Arabian sea, you can feel the breeze. Campus is massive 300 acres (almost). You can see it while passing NH 66.   BEST place to study and the staffs are very friendly at the time of document verification and the induction program was awesome please don't miss it, it really helps.you will be taken to other departments ,there will be workshops,art of living and alumini meets, you will enjoy it.  And also the college got it's own private beach. #best_engineering_college",5.0,0.9732,Positive,4,4.5,5
ChZDSUhNMG9nS0VJQ0FnSUMwOHFib0Z3EAE,,5.0,1.5,Positive,5,5.0,5
ChZDSUhNMG9nS0VJQ0FnSUMwMk9mb1p3EAE,,5.0,1.5,Positive,5,5.0,5
ChdDSUhNMG9nS0VJQ0FnSUMwbVBPMmd3RRAB,,5.0,1.5,Positive,5,5.0,5
ChdDSUhNMG9nS0VJQ0FnSURVZy1yNG9nRRAB,Best place. 2nd best nit in the India. Very calm and green place,5.0,0.8999,Positive,4,4.5,5
ChdDSUhNMG9nS0VJQ0FnSURVNWJXdDVnRRAB,,5.0,1.5,Positive,5,5.0,5
ChZDSUhNMG9nS0VJQ0FnSURVc1lySVdBEAE,,4.0,1.5,Positive,5,4.0,4
ChZDSUhNMG9nS0VJQ0FnSURVd292ek5REAE,,5.0,1.5,Positive,5,5.0,5
ChdDSUhNMG9nS0VJQ0FnSUNVcF9IaHlBRRAB,Buildings are very old and need serious renovation but the weather is quite pleasant.,4.0,0.6946,Positive,4,4.0,4
ChZDSUhNMG9nS0VJQ0FnSUNVcC1MNFB3EAE,,5.0,1.5,Positive,5,5.0,5
ChdDSUhNMG9nS0VJQ0FnSUNVcTRDVnd3RRAB,,4.0,1.5,Positive,5,4.0,4
ChZDSUhNMG9nS0VJQ0FnSUNVaTVUc1NREAE,,5.0,1.5,Positive,5,5.0,5
ChZDSUhNMG9nS0VJQ0FnSUNVODhMQkp3EAE,,5.0,1.5,Positive,5,5.0,5
ChdDSUhNMG9nS0VJQ0FnSUNVX2NfWnBnRRAB,Worst hostel Very very old building first years will not be able to adjust that well ..i guess hostel suck so please find alternative methods to stay also in case u don't like ... everyone will have a common toilet which means entire hostel block uses one toilet any questions please do ask,4.0,-0.6827,Negative,1,2.5,2
ChdDSUhNMG9nS0VJQ0FnSUNVbmJxUnJ3RRAB,(Translated by Google) Won i have a caallege and a shew us. Most gwyrst is carpet caallege  (Original) Won aaf dhi weyrst caallege aaf dhi weyrld. Most weyrst is dhi carpet caallege,1.0,0.8658,Positive,4,2.5,2
ChZDSUhNMG9nS0VJQ0FnSUNVamJXUFJ3EAE,"Amazing college with all the opportunities you want, whether its in management field or in purely engineering, there is a hell lot of things to develop your skills. in other words ,a ideal college i would say",5.0,0.6705,Positive,4,4.5,5
ChdDSUhNMG9nS0VJQ0FnSUNVcFpfUW1BRRAB,,5.0,1.5,Positive,5,5.0,5
ChZDSUhNMG9nS0VJQ0FnSUNVdWRicUFREAE,,1.0,1.5,Positive,5,1.0,1
ChZDSUhNMG9nS0VJQ0FnSUNVb2JEcURBEAE,,5.0,1.5,Positive,5,5.0,5
ChZDSUhNMG9nS0VJQ0FnSUNVN3NXTUJ3EAE,"This is a huge campus with pollution free.Surroundings are filled with fresh air from the tress.All the facilities like Wi-Fi,sports,huge library with a great collection of books are available. The most beautiful thing on the campus is our own college beach called the NITK Beach.Faculty is friendly and well educated almost 80% are the PHD holders.Up t0 80% students are placed every year Microsoft,Facebbok,Google,infosys etc visites every year.",4.0,0.9623,Positive,4,4.0,4
ChdDSUhNMG9nS0VJQ0FnSUNVNHByOGxnRRAB,,5.0,1.5,Positive,5,5.0,5
ChZDSUhNMG9nS0VJQ0FnSUNVb29lQVVREAE,"One of the top-ranking engineering colleges in India, this institute has a lot to offer, from high-end lab facilities to good professors. The infrastructure does have some room for improvement, but one wouldn't be disappointed with this college. The hostels though, need some pretty big improvements, not that they are uninhabitable, but things could get much better if only a few small things were looked into. Overall, it is worth joining this college.",4.0,0.9624,Positive,4,4.0,4
ChdDSUhNMG9nS0VJQ0FnSUNVb3ZhbzVBRRAB,,1.0,1.5,Positive,5,1.0,1
ChZDSUhNMG9nS0VJQ0FnSUNVOU12eEJREAE,,5.0,1.5,Positive,5,5.0,5
ChdDSUhNMG9nS0VJQ0FnSUNVbEl1ZHl3RRAB,One of the top 5 NIT's across India.,4.0,0.2023,Positive,3,3.5,4
ChdDSUhNMG9nS0VJQ0FnSUNVaFBYUXpnRRAB,One of the best technology college in our country and spread almost 300 acre,4.0,0.6369,Positive,4,4.0,4
ChdDSUhNMG9nS0VJQ0FnSUNVbVBLRzBRRRAB,,5.0,1.5,Positive,5,5.0,5
ChdDSUhNMG9nS0VJQ0FnSUNVbUx6Vzd3RRAB,Having its own beach makes your college life here even more beautiful,5.0,0.6361,Positive,4,4.5,5
ChdDSUhNMG9nS0VJQ0FnSUNVNk9YbGh3RRAB,,5.0,1.5,Positive,5,5.0,5
ChZDSUhNMG9nS0VJQ0FnSUNVb091QWN3EAE,,5.0,1.5,Positive,5,5.0,5
ChZDSUhNMG9nS0VJQ0FnSURrOV9PbE13EAE,One of the best technology institute in the country with beautiful campus,5.0,0.8442,Positive,4,4.5,5
ChZDSUhNMG9nS0VJQ0FnSURrdS1Dc2RBEAE,Best place in nitk,4.0,0.6369,Positive,4,4.0,4
ChZDSUhNMG9nS0VJQ0FnSURrODVibVFREAE,,5.0,1.5,Positive,5,5.0,5
ChdDSUhNMG9nS0VJQ0FnSURrN2ZlMHV3RRAB,,5.0,1.5,Positive,5,5.0,5
ChZDSUhNMG9nS0VJQ0FnSURrOWRXUUZBEAE,Tremendous place for study,5.0,0.0,Neutral,2,3.5,4
ChZDSUhNMG9nS0VJQ0FnSUNrNnU3SmV3EAE,"One of the most memorable 4 years of my life in NITK,  the faculty and the administration being student friendly. Thank you the NITK community, will go down as a memory which I will always reminisce looking back.",5.0,0.6908,Positive,4,4.5,5
ChZDSUhNMG9nS0VJQ0FnSURFeHJIckt3EAE,,4.0,1.5,Positive,5,4.0,4
ChZDSUhNMG9nS0VJQ0FnSUNFMl91R2VnEAE,,5.0,1.5,Positive,5,5.0,5
ChZDSUhNMG9nS0VJQ0FnSUM0aTlpUVZBEAE,Do this university has BE in aeronautics,1.0,0.0,Neutral,2,1.5,1
ChdDSUhNMG9nS0VJQ0FnSUM0dzl2aXRBRRAB,,5.0,1.5,Positive,5,5.0,5
ChdDSUhNMG9nS0VJQ0FnSUM0eGIzSnVRRRAB,,5.0,1.5,Positive,5,5.0,5
ChdDSUhNMG9nS0VJQ0FnSUM0c2VhNjBRRRAB,,4.0,1.5,Positive,5,4.0,4
ChdDSUhNMG9nS0VJQ0FnSUM0c1p5UHV3RRAB,Heaven,5.0,0.5106,Positive,3,4.0,4
ChZDSUhNMG9nS0VJQ0FnSUM0a2JpVFNREAE,,1.0,1.5,Positive,5,1.0,1
ChdDSUhNMG9nS0VJQ0FnSUM0enJyY2dRRRAB,,5.0,1.5,Positive,5,5.0,5
ChZDSUhNMG9nS0VJQ0FnSUM0ek5DM0ZnEAE,,3.0,1.5,Positive,5,3.0,3
ChdDSUhNMG9nS0VJQ0FnSUM0ak03UV93RRAB,,5.0,1.5,Positive,5,5.0,5
ChZDSUhNMG9nS0VJQ0FnSUM0NUlqQklnEAE,,5.0,1.5,Positive,5,5.0,5
ChdDSUhNMG9nS0VJQ0FnSURZMTlTS2l3RRAB,,4.0,1.5,Positive,5,4.0,4
ChZDSUhNMG9nS0VJQ0FnSURZNl9iM09REAE,It's our Pride and the best institution,5.0,0.765,Positive,4,4.5,5
ChZDSUhNMG9nS0VJQ0FnSURZcS11QlFBEAE,,5.0,1.5,Positive,5,5.0,5
ChZDSUhNMG9nS0VJQ0FnSURZZ2VpMEZ3EAE,The best place to learn.,5.0,0.6369,Positive,4,4.5,5
ChdDSUhNMG9nS0VJQ0FnSURZX3ZQbHRRRRAB,,5.0,1.5,Positive,5,5.0,5
ChZDSUhNMG9nS0VJQ0FnSURZMXRfaE5nEAE,,5.0,1.5,Positive,5,5.0,5
ChdDSUhNMG9nS0VJQ0FnSURZaHZUdDNBRRAB,,2.0,1.5,Positive,5,2.0,2
ChdDSUhNMG9nS0VJQ0FnSURZbXBudzhnRRAB,Good placements are provided,5.0,0.4404,Positive,3,4.0,4
ChZDSUhNMG9nS0VJQ0FnSURZaXUybmZBEAE,,5.0,1.5,Positive,5,5.0,5
ChdDSUhNMG9nS0VJQ0FnSURRN3RiYzVBRRAB,(Translated by Google) Nitk  (Original) Nitk,5.0,0.3182,Positive,3,4.0,4
ChZDSUhNMG9nS0VJQ0FnSURZX0pLd0RBEAE,,5.0,1.5,Positive,5,5.0,5
ChdDSUhNMG9nS0VJQ0FnSURZak0zZjdRRRAB,(Translated by Google) Nitk  (Original) Nitküëåüëå,5.0,0.9269,Positive,4,4.5,5
ChdDSUhNMG9nS0VJQ0FnSURZdElXM2x3RRAB,Good,5.0,0.4404,Positive,3,4.0,4
ChZDSUhNMG9nS0VJQ0FnSURZeFBESERnEAE,,5.0,1.5,Positive,5,5.0,5
ChdDSUhNMG9nS0VJQ0FnSUNZMl9lQm5BRRAB,,1.0,1.5,Positive,5,1.0,1
ChdDSUhNMG9nS0VJQ0FnSUNZeV9yN29RRRAB,,5.0,1.5,Positive,5,5.0,5
ChdDSUhNMG9nS0VJQ0FnSUNZaXF5ZThRRRAB,,5.0,1.5,Positive,5,5.0,5
ChZDSUhNMG9nS0VJQ0FnSUNZNEwzOE93EAE,Very good institution,5.0,0.4927,Positive,3,4.0,4
ChZDSUhNMG9nS0VJQ0FnSURvbjVhcUt3EAE,A nice campus alongside the beach.,5.0,0.4215,Positive,3,4.0,4
ChZDSUhNMG9nS0VJQ0FnSURvbnZYeUpnEAE,,1.0,1.5,Positive,5,1.0,1
ChZDSUhNMG9nS0VJQ0FnSURvNkpUdElnEAE,,5.0,1.5,Positive,5,5.0,5
ChZDSUhNMG9nS0VJQ0FnSUNvXzZEeGFREAE,"Located in a picturesque location close to the Western Ghats, this is one of the premier institutes in India for Engineering. Complete with a lot of amenities like basketball court, swimming pool, tennis and football courts and multiple food joints, this place is any engineering student's dream. Although located on a highway, public transport to this place is extremely frequent from cities like Mangalore (30 mins travel) or Manipal(1hour travel). There are quite a view scenic places of interest and a multitude of food joints in the close vicinity of this place too. The USP of this place is that it has a private beach accessible only to residents of the campus, although this entrance has timings.",5.0,0.891,Positive,4,4.5,5
ChdDSUhNMG9nS0VJQ0FnSUNvaV9INzRRRRAB,,5.0,1.5,Positive,5,5.0,5
ChZDSUhNMG9nS0VJQ0FnSUNvZzdhelZ3EAE,,5.0,1.5,Positive,5,5.0,5
ChdDSUhNMG9nS0VJQ0FnSUNvM2Zfem9BRRAB,The place is just beautiful place with nine infrastructure n good faculty ‚ù§Ô∏èüíØ,5.0,0.7783,Positive,4,4.5,5
ChZDSUhNMG9nS0VJQ0FnSUNvbmRtVUdBEAE,,4.0,1.5,Positive,5,4.0,4
ChdDSUhNMG9nS0VJQ0FnSUNvMXZET2tRRRAB,Leading national institute of technology karanadaka. Very beautiful campus,4.0,0.6361,Positive,4,4.0,4
ChZDSUhNMG9nS0VJQ0FnSUNvc3JQc1h3EAE,,5.0,1.5,Positive,5,5.0,5
ChZDSUhNMG9nS0VJQ0FnSUNvcElQdWZnEAE,,5.0,1.5,Positive,5,5.0,5
ChdDSUhNMG9nS0VJQ0FnSUNvNk5McDd3RRAB,,5.0,1.5,Positive,5,5.0,5
ChZDSUhNMG9nS0VJQ0FnSUNvb0plTktBEAE,,5.0,1.5,Positive,5,5.0,5
ChZDSUhNMG9nS0VJQ0FnSUNvd01YMkNREAE,Good,5.0,0.4404,Positive,3,4.0,4
ChdDSUhNMG9nS0VJQ0FnSURJNzdUV3hRRRAB,,5.0,1.5,Positive,5,5.0,5
ChdDSUhNMG9nS0VJQ0FnSURJcjl6MHJBRRAB,,5.0,1.5,Positive,5,5.0,5
ChdDSUhNMG9nS0VJQ0FnSURJLTRqUzhBRRAB,,5.0,1.5,Positive,5,5.0,5
ChZDSUhNMG9nS0VJQ0FnSURJM2VDYUNnEAE,,5.0,1.5,Positive,5,5.0,5
ChZDSUhNMG9nS0VJQ0FnSURJMVllaEdBEAE,,5.0,1.5,Positive,5,5.0,5
ChdDSUhNMG9nS0VJQ0FnSURJNWRIb3JnRRAB,Superb,5.0,0.6249,Positive,3,4.0,4
ChZDSUhNMG9nS0VJQ0FnSURJcGZHQkRBEAE,NITK is quite a peaceful place to study. There are lots of places to explore nearby. The college also has one of the country's best research equipment. Placements and packages offered are comparable to most of the IITs. NITK has one of the most beautiful campus in India.,5.0,0.9165,Positive,4,4.5,5
ChdDSUhNMG9nS0VJQ0FnSURJeGR1NHNBRRAB,The best in Karnataka for B.Tech,5.0,0.6369,Positive,4,4.5,5
ChZDSUhNMG9nS0VJQ0FnSURJeFpQR2FREAE,,2.0,1.5,Positive,5,2.0,2
ChZDSUhNMG9nS0VJQ0FnSURJaGJUSmZnEAE,,4.0,1.5,Positive,5,4.0,4
ChZDSUhNMG9nS0VJQ0FnSURJdWZua053EAE,,5.0,1.5,Positive,5,5.0,5
ChZDSUhNMG9nS0VJQ0FnSUNRemU2ekp3EAE,"NITK is one of the top educational universities of India. It is constantly ranked among the top 50 best colleges for engineering.It is spread on both sides of national highway, NH 66. NITK was formerly known as Karnataka Regional Engineering College (KREC).",5.0,0.8941,Positive,4,4.5,5
ChdDSUhNMG9nS0VJQ0FnSURJenRpMF9RRRAB,The place is well maintained and the main attraction is the Institute's own beach,5.0,0.6249,Positive,3,4.0,4
ChdDSUhNMG9nS0VJQ0FnSURJdHRQdnlBRRAB,,2.0,1.5,Positive,5,2.0,2
ChZDSUhNMG9nS0VJQ0FnSUR3d0tUNVJREAE,glad to be a part of NITK,5.0,0.4588,Positive,3,4.0,4
ChdDSUhNMG9nS0VJQ0FnSURJeHZLNjVRRRAB,,5.0,1.5,Positive,5,5.0,5
ChZDSUhNMG9nS0VJQ0FnSURJb3Rlb1BREAE,,5.0,1.5,Positive,5,5.0,5
ChZDSUhNMG9nS0VJQ0FnSURJM0o3Zkt3EAE,,4.0,1.5,Positive,5,4.0,4
ChZDSUhNMG9nS0VJQ0FnSURJck8tMk5nEAE,,5.0,1.5,Positive,5,5.0,5
ChdDSUhNMG9nS0VJQ0FnSURJcEszYV9BRRAB,Good,5.0,0.4404,Positive,3,4.0,4
ChZDSUhNMG9nS0VJQ0FnSURJeE9xT0pREAE,,5.0,1.5,Positive,5,5.0,5
ChZDSUhNMG9nS0VJQ0FnSURJaEptN1d3EAE,,5.0,1.5,Positive,5,5.0,5
ChdDSUhNMG9nS0VJQ0FnSURJMk9URy1nRRAB,Good,5.0,0.4404,Positive,3,4.0,4
ChdDSUhNMG9nS0VJQ0FnSURJNk5HVmhBRRAB,,5.0,1.5,Positive,5,5.0,5
ChdDSUhNMG9nS0VJQ0FnSUNJdDZlNnpRRRAB,"This is big engineering college, wonderful",5.0,0.5719,Positive,3,4.0,4
ChZDSUhNMG9nS0VJQ0FnSUNJMzk3eU1REAE,,5.0,1.5,Positive,5,5.0,5
ChZDSUhNMG9nS0VJQ0FnSUNJbi1tRmN3EAE,,5.0,1.5,Positive,5,5.0,5
ChZDSUhNMG9nS0VJQ0FnSUNJejlqSU9nEAE,,5.0,1.5,Positive,5,5.0,5
ChZDSUhNMG9nS0VJQ0FnSUNJcTRiaEhREAE,,5.0,1.5,Positive,5,5.0,5
ChdDSUhNMG9nS0VJQ0FnSUNJczhDUHdRRRAB,Super place,5.0,0.5994,Positive,3,4.0,4
ChdDSUhNMG9nS0VJQ0FnSUNJdmNycjF3RRAB,,5.0,1.5,Positive,5,5.0,5
ChdDSUhNMG9nS0VJQ0FnSUNJN2RMU2dBRRAB,Nice place. But the weather is horrible!,4.0,-0.63,Negative,1,2.5,2
ChZDSUhNMG9nS0VJQ0FnSUNJOWVidmZ3EAE,,1.0,1.5,Positive,5,1.0,1
ChdDSUhNMG9nS0VJQ0FnSUNJOFk3cHRnRRAB,,5.0,1.5,Positive,5,5.0,5
ChdDSUhNMG9nS0VJQ0FnSUNJNGV6VXJ3RRAB,,5.0,1.5,Positive,5,5.0,5
ChdDSUhNMG9nS0VJQ0FnSUNJX3J5VXBnRRAB,,5.0,1.5,Positive,5,5.0,5
ChdDSUhNMG9nS0VJQ0FnSUNJbnB2N3dRRRAB,Nice place to learn & explore..,4.0,0.4215,Positive,3,3.5,4
ChdDSUhNMG9nS0VJQ0FnSUNnMVplTGlBRRAB,,2.0,1.5,Positive,5,2.0,2
ChZDSUhNMG9nS0VJQ0FnSUNJMnItbU9REAE,,5.0,1.5,Positive,5,5.0,5
ChdDSUhNMG9nS0VJQ0FnSUNJMHF1RnNBRRAB,,5.0,1.5,Positive,5,5.0,5
ChZDSUhNMG9nS0VJQ0FnSUNJMHVtbUtnEAE,Good,4.0,0.4404,Positive,3,3.5,4
ChZDSUhNMG9nS0VJQ0FnSUNJNHZQRlZBEAE,,5.0,1.5,Positive,5,5.0,5
ChZDSUhNMG9nS0VJQ0FnSUNJdk4tcUxREAE,,5.0,1.5,Positive,5,5.0,5
ChZDSUhNMG9nS0VJQ0FnSUNJelAyMUl3EAE,,5.0,1.5,Positive,5,5.0,5
ChdDSUhNMG9nS0VJQ0FnSUR3MXFyaTRRRRAB,,5.0,1.5,Positive,5,5.0,5
ChdDSUhNMG9nS0VJQ0FnSUR3d3NENXJ3RRAB,It's a good experience to me,5.0,0.4404,Positive,3,4.0,4
ChdDSUhNMG9nS0VJQ0FnSUR3aU9lU3FBRRAB,,5.0,1.5,Positive,5,5.0,5
ChZDSUhNMG9nS0VJQ0FnSUR3c0k2U2Z3EAE,,5.0,1.5,Positive,5,5.0,5
ChZDSUhNMG9nS0VJQ0FnSUR3M09fNGR3EAE,"You will love being to this divine place. It's almost four months i have completed my MTech from this place. Life at NITK will be the best moment of your life. The mesmrising beach and tonns of events will make your life memorable. Campus is very liberal. Even the locality is liberal too no matter who is with whom. You will just explore life with your partner , friends and what not.",5.0,0.9491,Positive,4,4.5,5
ChZDSUhNMG9nS0VJQ0FnSUR3NnVMRVd3EAE,,5.0,1.5,Positive,5,5.0,5
ChdDSUhNMG9nS0VJQ0FnSUR3LU1lYjB3RRAB,,5.0,1.5,Positive,5,5.0,5
ChZDSUhNMG9nS0VJQ0FnSUR3bE1UVmVREAE,,5.0,1.5,Positive,5,5.0,5
ChdDSUhNMG9nS0VJQ0FnSURReWNDdDFRRRAB,,5.0,1.5,Positive,5,5.0,5
ChdDSUhNMG9nS0VJQ0FnSUNna2NIdmlBRRAB,,4.0,1.5,Positive,5,4.0,4
ChZDSUhNMG9nS0VJQ0FnSURRa3BXbVNREAE,,5.0,1.5,Positive,5,5.0,5
ChdDSUhNMG9nS0VJQ0FnSURnbDV5RzNRRRAB,One of the top premier institutions of our country. Top in rankings of nits. Nice weather and climate. Has its own private beach. 2 nights restaurants. 2 non veg mess and 7 veg mess. Good learning and interacting skills that to be learn,5.0,0.5106,Positive,3,4.0,4
ChdDSUhNMG9nS0VJQ0FnSURBcGZ2cndRRRAB,Best college among nits...,5.0,0.6369,Positive,4,4.5,5
ChdDSUhNMG9nS0VJQ0FnSUN3eWFqX2pnRRAB,,5.0,1.5,Positive,5,5.0,5
ChZDSUhNMG9nS0VJQ0FnSUNna3U3d0p3EAE,,5.0,1.5,Positive,5,5.0,5
ChZDSUhNMG9nS0VJQ0FnSUNBdGNqdVRREAE,,5.0,1.5,Positive,5,5.0,5
ChdDSUhNMG9nS0VJQ0FnSUNBOXYySWd3RRAB,,5.0,1.5,Positive,5,5.0,5
ChZDSUhNMG9nS0VJQ0FnSURBbjR2elRBEAE,,5.0,1.5,Positive,5,5.0,5
ChZDSUhNMG9nS0VJQ0FnSUNRN0lLd2RREAE,,5.0,1.5,Positive,5,5.0,5
ChdDSUhNMG9nS0VJQ0FnSURnM2Z5RHJRRRAB,,5.0,1.5,Positive,5,5.0,5
ChZDSUhNMG9nS0VJQ0FnSUNBaDlfYmJ3EAE,Best study culture.,5.0,0.6369,Positive,4,4.5,5
ChZDSUhNMG9nS0VJQ0FnSUN3d182Z1NREAE,I want to know about hostel mess Vegetarian or Non Vegetarian please,5.0,0.0258,Neutral,2,3.5,4
ChZDSUhNMG9nS0VJQ0FnSUNncmF1dUp3EAE,,5.0,1.5,Positive,5,5.0,5
ChZDSUhNMG9nS0VJQ0FnSUNBOGZubUhBEAE,,5.0,1.5,Positive,5,5.0,5
ChZDSUhNMG9nS0VJQ0FnSURRcjc3aWNREAE,Good,5.0,0.4404,Positive,3,4.0,4
ChZDSUhNMG9nS0VJQ0FnSURRZ1BxLUlREAE,,5.0,1.5,Positive,5,5.0,5
ChdDSUhNMG9nS0VJQ0FnSUNnNS1TaG93RRAB,One of top technical institution with greenary    and with cold weather,4.0,0.2023,Positive,3,3.5,4
ChZDSUhNMG9nS0VJQ0FnSUNBb2U3YlB3EAE,,5.0,1.5,Positive,5,5.0,5
ChZDSUhNMG9nS0VJQ0FnSUNBbExmbVBnEAE,Topmost engineering college in Karnataka,4.0,0.0,Neutral,2,3.0,3
ChZDSUhNMG9nS0VJQ0FnSURnMGZlTWJREAE,Awesome College. Best environment. Awesome teachers.,5.0,0.9246,Positive,4,4.5,5
ChdDSUhNMG9nS0VJQ0FnSURReDVQeDlnRRAB,,4.0,1.5,Positive,5,4.0,4
ChdDSUhNMG9nS0VJQ0FnSURRNV9IZ2xRRRAB,,4.0,1.5,Positive,5,4.0,4
ChZDSUhNMG9nS0VJQ0FnSUNRaXVDaUdREAE,,1.0,1.5,Positive,5,1.0,1
ChdDSUhNMG9nS0VJQ0FnSURRb3BfZWt3RRAB,,5.0,1.5,Positive,5,5.0,5
ChdDSUhNMG9nS0VJQ0FnSURBbTVlMG13RRAB,Top NIT of India,5.0,0.2023,Positive,3,4.0,4
ChZDSUhNMG9nS0VJQ0FnSUNRMlpldUdnEAE,,5.0,1.5,Positive,5,5.0,5
ChdDSUhNMG9nS0VJQ0FnSURRcFB5NzlBRRAB,One of the best NIT in india.  Campus is very big.  Everything is there from KFC to McDonald's.,5.0,0.6369,Positive,4,4.5,5
ChZDSUhNMG9nS0VJQ0FnSUNBX0lqVE13EAE,,2.0,1.5,Positive,5,2.0,2
ChdDSUhNMG9nS0VJQ0FnSURnNDVTRW53RRAB,,5.0,1.5,Positive,5,5.0,5
ChZDSUhNMG9nS0VJQ0FnSURnNHAyMk1REAE,Beautiful Campus.Looks Very Organised.Keep it up.,5.0,0.5994,Positive,3,4.0,4
ChdDSUhNMG9nS0VJQ0FnSUNnMTVyQXFRRRAB,,5.0,1.5,Positive,5,5.0,5
ChdDSUhNMG9nS0VJQ0FnSUN3MkxieDd3RRAB,,5.0,1.5,Positive,5,5.0,5
ChdDSUhNMG9nS0VJQ0FnSURRbU5TNzB3RRAB,,5.0,1.5,Positive,5,5.0,5
ChdDSUhNMG9nS0VJQ0FnSUNReGZ6S21RRRAB,,5.0,1.5,Positive,5,5.0,5
ChdDSUhNMG9nS0VJQ0FnSUNRczRHSG1BRRAB,,5.0,1.5,Positive,5,5.0,5
ChdDSUhNMG9nS0VJQ0FnSUN3cVAyNzdBRRAB,One of the Best Colleges for BTech.,5.0,0.6369,Positive,4,4.5,5
ChZDSUhNMG9nS0VJQ0FnSUNBeVBIY09REAE,Full of greenery.,5.0,0.0,Neutral,2,3.5,4
ChdDSUhNMG9nS0VJQ0FnSURROExYV293RRAB,,5.0,1.5,Positive,5,5.0,5
ChdDSUhNMG9nS0VJQ0FnSUNRZzhPVXFRRRAB,,4.0,1.5,Positive,5,4.0,4
ChZDSUhNMG9nS0VJQ0FnSURBMUtLVFVnEAE,,5.0,1.5,Positive,5,5.0,5
ChZDSUhNMG9nS0VJQ0FnSUN3M2Y2aFhREAE,,5.0,1.5,Positive,5,5.0,5
ChZDSUhNMG9nS0VJQ0FnSURnNi02dUhnEAE,,5.0,1.5,Positive,5,5.0,5
ChZDSUhNMG9nS0VJQ0FnSURneFpmLU5REAE,,4.0,1.5,Positive,5,4.0,4
ChZDSUhNMG9nS0VJQ0FnSUNRLWItcE1BEAE,,5.0,1.5,Positive,5,5.0,5
ChdDSUhNMG9nS0VJQ0FnSUNnbWV6X3RRRRAB,Number one NIT. Best campus with private beach. Awesome weather.,5.0,0.8625,Positive,4,4.5,5
ChdDSUhNMG9nS0VJQ0FnSURnN2ZlZnBBRRAB,Best place to build your career and boost up your thoughts .  Situated near Beach and the climate is always cold. Hostel and everything is fine .,5.0,0.8271,Positive,4,4.5,5
ChdDSUhNMG9nS0VJQ0FnSUNBaC1ma3R3RRAB,,2.0,1.5,Positive,5,2.0,2
ChZDSUhNMG9nS0VJQ0FnSUNnbnBYNWNnEAE,,5.0,1.5,Positive,5,5.0,5
ChdDSUhNMG9nS0VJQ0FnSUNBanVMUG53RRAB,Good place,5.0,0.4404,Positive,3,4.0,4
ChZDSUhNMG9nS0VJQ0FnSURBMl9tV1N3EAE,Best NIT,5.0,0.6369,Positive,4,4.5,5
ChZDSUhNMG9nS0VJQ0FnSURBMlpmSVJBEAE,"One of the top institute in India, nice campus and beautiful beach. Good  placements profile. I really enjoyed lot.",5.0,0.9324,Positive,4,4.5,5
ChZDSUhNMG9nS0VJQ0FnSUNBNXBXeWVBEAE,,5.0,1.5,Positive,5,5.0,5
ChdDSUhNMG9nS0VJQ0FnSUN3aXYtaHFnRRAB,,5.0,1.5,Positive,5,5.0,5
ChZDSUhNMG9nS0VJQ0FnSURneVlPeE1BEAE,,5.0,1.5,Positive,5,5.0,5
ChZDSUhNMG9nS0VJQ0FnSUNnOTdETUlBEAE,,5.0,1.5,Positive,5,5.0,5
ChdDSUhNMG9nS0VJQ0FnSUNBeE9uNHJnRRAB,A remarkable institution...,5.0,0.5574,Positive,3,4.0,4
ChdDSUhNMG9nS0VJQ0FnSURBMUk2MjNRRRAB,,5.0,1.5,Positive,5,5.0,5
ChZDSUhNMG9nS0VJQ0FnSUNRMmMycWFREAE,Huge and beautiful campus.,5.0,0.7351,Positive,4,4.5,5
ChZDSUhNMG9nS0VJQ0FnSURBLW9mZVdBEAE,,5.0,1.5,Positive,5,5.0,5
ChZDSUhNMG9nS0VJQ0FnSUN3cDQ3NlhREAE,"India's top ranked, premier, prestigious institute",5.0,0.2023,Positive,3,4.0,4
ChZDSUhNMG9nS0VJQ0FnSUN3Ml9XR1RnEAE,"One of the premium technology institutes in Karnataka. Great campus with greenery everywhere and also a beach. Offering courses such as B-Tech, M-Tech, B-Sc, M-Sc, BCA, MCA, MBA, PhD.",5.0,0.6249,Positive,3,4.0,4
ChdDSUhNMG9nS0VJQ0FnSURBc2N5RXFBRRAB,,3.0,1.5,Positive,5,3.0,3
ChZDSUhNMG9nS0VJQ0FnSUN3cHZlREFnEAE,,5.0,1.5,Positive,5,5.0,5
ChdDSUhNMG9nS0VJQ0FnSURBdVBqVXpBRRAB,Top Ranked College In India,5.0,0.2023,Positive,3,4.0,4
ChZDSUhNMG9nS0VJQ0FnSUNndmViaU9REAE,,5.0,1.5,Positive,5,5.0,5
ChdDSUhNMG9nS0VJQ0FnSUNnejVhRXNRRRAB,,1.0,1.5,Positive,5,1.0,1
ChdDSUhNMG9nS0VJQ0FnSURBN1A2T3hRRRAB,Only two seasons. Summer or Rainy. Anyway umbrella is a must. And only college with a private beach. Had a good time.,4.0,0.3818,Positive,3,3.5,4
ChdDSUhNMG9nS0VJQ0FnSUNBcktuVDZ3RRAB,,5.0,1.5,Positive,5,5.0,5
ChZDSUhNMG9nS0VJQ0FnSURBLWF2cVlREAE,,5.0,1.5,Positive,5,5.0,5
ChZDSUhNMG9nS0VJQ0FnSURRbFBYcmNREAE,"Second among all NIT‚Äôs in India, old but great infrastructure, greenery everywhere , Best for those interested in research field, Only institute having its very own beach, decent placements after NIT trichy, lots of events and sports are conducted",4.0,0.9517,Positive,4,4.0,4
ChZDSUhNMG9nS0VJQ0FnSURRcXVMcWRREAE,Good Facilities there to learn,5.0,0.4404,Positive,3,4.0,4
ChZDSUhNMG9nS0VJQ0FnSURBcjlib2RBEAE,,5.0,1.5,Positive,5,5.0,5
ChdDSUhNMG9nS0VJQ0FnSURnNnVfZnVnRRAB,,5.0,1.5,Positive,5,5.0,5
ChZDSUhNMG9nS0VJQ0FnSURBbDVtTkxBEAE,One of the very well known place in Karnataka is the NIT suratkal. College campus is spread out on both the sides of the National Highway. I have attend a conference here . Enjoyed the campus beach and hostel and the evening walk. So wonderful to be here. The staff and students interaction is very nice. High quality conference.,5.0,0.9264,Positive,4,4.5,5
ChZDSUhNMG9nS0VJQ0FnSURBdnNxQ0F3EAE,,5.0,1.5,Positive,5,5.0,5
ChZDSUhNMG9nS0VJQ0FnSUNRcjRLa1RBEAE,,5.0,1.5,Positive,5,5.0,5
ChdDSUhNMG9nS0VJQ0FnSURBbHU2cXNRRRAB,"This college has given me everything,proud to be a NITKian",5.0,0.0,Neutral,2,3.5,4
ChdDSUhNMG9nS0VJQ0FnSURnNU4tMzF3RRAB,,1.0,1.5,Positive,5,1.0,1
ChdDSUhNMG9nS0VJQ0FnSURnLWNxV3NnRRAB,Homeüíú,5.0,0.6369,Positive,4,4.5,5
ChdDSUhNMG9nS0VJQ0FnSUNBcDdPUC1BRRAB,,5.0,1.5,Positive,5,5.0,5
ChZDSUhNMG9nS0VJQ0FnSURRbU8tWUR3EAE,Nice,5.0,0.4215,Positive,3,4.0,4
ChZDSUhNMG9nS0VJQ0FnSURRbUs3cGVBEAE,,5.0,1.5,Positive,5,5.0,5
ChZDSUhNMG9nS0VJQ0FnSUN3blpfMlhBEAE,,5.0,1.5,Positive,5,5.0,5
ChZDSUhNMG9nS0VJQ0FnSUNndmNTa1hBEAE,,5.0,1.5,Positive,5,5.0,5
ChdDSUhNMG9nS0VJQ0FnSURnbllUcjBRRRAB,"NITK is my alma mater. Studied here in the 1990's when it was called KREC. One of the Best Engineering colleges and campuses in india. Lives are made here. Campus life shapes your personality. I was not much of an academic success, did not pursue a career in Computer Engg which I studied here. But I succeeded in many other areas and I fully owe it to the environment here. Blessed to have spent best years of my life here. Most pics are from my visit here in 2002 as an employer and few pics are courtesy 'Photography Club' of NITK/KREC.",5.0,0.9752,Positive,4,4.5,5
ChZDSUhNMG9nS0VJQ0FnSUNReG9LN1JREAE,"Of course ,it is the Top college of Karnataka...",5.0,0.2023,Positive,3,4.0,4
ChZDSUhNMG9nS0VJQ0FnSURRdi1PWFJ3EAE,,3.0,1.5,Positive,5,3.0,3
ChdDSUhNMG9nS0VJQ0FnSUNBdmFQTjBBRRAB,,5.0,1.5,Positive,5,5.0,5
ChdDSUhNMG9nS0VJQ0FnSUNnMjZYZTl3RRAB,"I'm a proud alumnus of this institute. I recently visited the campus 10 years after graduation and was thoroughly impressed by all the development over these years. This institute has great facilities, great programs, and most of all, a great student atmosphere.",5.0,0.9628,Positive,4,4.5,5
ChZDSUhNMG9nS0VJQ0FnSUNROUo2TmN3EAE,I love it nys campus,5.0,0.6369,Positive,4,4.5,5
ChZDSUhNMG9nS0VJQ0FnSURReGRmSlJ3EAE,Education and enjoyment both can be balanced here.Near to sea shore .,5.0,0.5574,Positive,3,4.0,4
ChdDSUhNMG9nS0VJQ0FnSURnNTVHZGl3RRAB,gd,4.0,0.0,Neutral,2,3.0,3
ChZDSUhNMG9nS0VJQ0FnSURBaHZQLWN3EAE,,5.0,1.5,Positive,5,5.0,5
ChdDSUhNMG9nS0VJQ0FnSUNnNXNLY3RRRRAB,,5.0,1.5,Positive,5,5.0,5
ChdDSUhNMG9nS0VJQ0FnSUNBeGNpcDBRRRAB,Best clg and better placement,5.0,0.7964,Positive,4,4.5,5
ChZDSUhNMG9nS0VJQ0FnSUNBbmI2LVlBEAE,,5.0,1.5,Positive,5,5.0,5
ChdDSUhNMG9nS0VJQ0FnSUNRbWN1Mmh3RRAB,,5.0,1.5,Positive,5,5.0,5
ChRDSUhNMG9nS0VJQ0FnSURBcHRWUhAB,,5.0,1.5,Positive,5,5.0,5
ChZDSUhNMG9nS0VJQ0FnSUNndlo2b0pREAE,Nice environment....,4.0,0.4215,Positive,3,3.5,4
ChdDSUhNMG9nS0VJQ0FnSURRcTluTnZ3RRAB,One of the best and top institute of Mangalore .,5.0,0.7184,Positive,4,4.5,5
ChZDSUhNMG9nS0VJQ0FnSUNBaTZUa2RBEAE,,4.0,1.5,Positive,5,4.0,4
ChdDSUhNMG9nS0VJQ0FnSUNBMHBmNXdBRRAB,,5.0,1.5,Positive,5,5.0,5
ChZDSUhNMG9nS0VJQ0FnSURndWFhaFlBEAE,,5.0,1.5,Positive,5,5.0,5
ChZDSUhNMG9nS0VJQ0FnSURReExhWVVBEAE,Awesome location,5.0,0.6249,Positive,3,4.0,4
ChZDSUhNMG9nS0VJQ0FnSUNRbjZURUVnEAE,,5.0,1.5,Positive,5,5.0,5
ChZDSUhNMG9nS0VJQ0FnSUNnX3JpMk93EAE,,5.0,1.5,Positive,5,5.0,5
ChdDSUhNMG9nS0VJQ0FnSUNRMTlMQXdRRRAB,Nyc,5.0,0.0,Neutral,2,3.5,4
ChZDSUhNMG9nS0VJQ0FnSURBeU5EeFZ3EAE,,1.0,1.5,Positive,5,1.0,1
ChdDSUhNMG9nS0VJQ0FnSURBb01EQl93RRAB,"Second name for innovation is NITK Suratkal. Equipped with latest facilities, it has an amazing bunch of faculty and mesmerizing green campus.",5.0,0.7506,Positive,4,4.5,5
ChdDSUhNMG9nS0VJQ0FnSUNnbHFpX2pBRRAB,Nice college.But the infrastructure like hostels and classrooms are very poorly maintained.,3.0,0.6486,Positive,4,3.5,4
ChdDSUhNMG9nS0VJQ0FnSUN3c091SGtRRRAB,One of the best Engineering college.. NIT standards.. Located beside nation highway,5.0,0.6369,Positive,4,4.5,5
ChdDSUhNMG9nS0VJQ0FnSURRcEp5V25nRRAB,,3.0,1.5,Positive,5,3.0,3
ChdDSUhNMG9nS0VJQ0FnSUNnMklhVnhnRRAB,Best NIT in India..... Campus is awesome.... Learned many things  here and got very good friends. Enjoyed a lot here.,5.0,0.9609,Positive,4,4.5,5
ChdDSUhNMG9nS0VJQ0FnSURRcGY3eTZRRRAB,One of the best institution for aspiring engineers. Got a chance to visit the institute during a conference held there by mechanical engineering department. They have most of the research facilities. The campus is neat and clean and are well maintained. The facilities they offer are at par with IITs. Visit the beaches also if you go there.,5.0,0.9186,Positive,4,4.5,5
ChZDSUhNMG9nS0VJQ0FnSUN3bi1HQVJ3EAE,Good engineering college,4.0,0.4404,Positive,3,3.5,4
ChZDSUhNMG9nS0VJQ0FnSUNRa282RFlnEAE,,5.0,1.5,Positive,5,5.0,5
ChdDSUhNMG9nS0VJQ0FnSURRcGEzZmtBRRAB,,4.0,1.5,Positive,5,4.0,4
ChdDSUhNMG9nS0VJQ0FnSUNBaWRxNjJBRRAB,"I am student of NITK Surathkal. Very good campus, Excellent staff, academic blocks, good hostels. Best place to study Engineering.",5.0,0.924,Positive,4,4.5,5
ChZDSUhNMG9nS0VJQ0FnSURncTVhS0JBEAE,,5.0,1.5,Positive,5,5.0,5
ChdDSUhNMG9nS0VJQ0FnSUNnM3Z2Z3NBRRAB,,4.0,1.5,Positive,5,4.0,4
ChdDSUhNMG9nS0VJQ0FnSUNBMGY3TzRnRRAB,,4.0,1.5,Positive,5,4.0,4
ChZDSUhNMG9nS0VJQ0FnSUNBM2RmMVB3EAE,Good,5.0,0.4404,Positive,3,4.0,4
ChdDSUhNMG9nS0VJQ0FnSUNBdDdXajdnRRAB,,4.0,1.5,Positive,5,4.0,4
ChZDSUhNMG9nS0VJQ0FnSUNncHFiQ2VnEAE,,4.0,1.5,Positive,5,4.0,4
ChdDSUhNMG9nS0VJQ0FnSUNROC1QU3R3RRAB,,5.0,1.5,Positive,5,5.0,5
ChZDSUhNMG9nS0VJQ0FnSURBM082cVFBEAE,,4.0,1.5,Positive,5,4.0,4
ChZDSUhNMG9nS0VJQ0FnSUNBaWZmQ0h3EAE,Nice and clean campus,5.0,0.6705,Positive,4,4.5,5
ChdDSUhNMG9nS0VJQ0FnSURReS0zcGhBRRAB,One of Karnataka's premier engineering institutes,4.0,0.0,Neutral,2,3.0,3
ChZDSUhNMG9nS0VJQ0FnSUN3cnZpaVVREAE,,5.0,1.5,Positive,5,5.0,5
ChZDSUhNMG9nS0VJQ0FnSUN3ejVDU1FnEAE,,5.0,1.5,Positive,5,5.0,5
ChZDSUhNMG9nS0VJQ0FnSUNnbk5mUkxnEAE,Very gud my sister is here it is a great place for college it's cool fantastic  Swimming pool beach etc.,5.0,0.875,Positive,4,4.5,5
ChdDSUhNMG9nS0VJQ0FnSURBOXBla2xnRRAB,,5.0,1.5,Positive,5,5.0,5
ChdDSUhNMG9nS0VJQ0FnSURnOEl2TjFRRRAB,,5.0,1.5,Positive,5,5.0,5
ChZDSUhNMG9nS0VJQ0FnSUNnZ1lId2RnEAE,,5.0,1.5,Positive,5,5.0,5
ChdDSUhNMG9nS0VJQ0FnSUNnN09mbDhRRRAB,,5.0,1.5,Positive,5,5.0,5
ChZDSUhNMG9nS0VJQ0FnSUNBNC1YNlpnEAE,,5.0,1.5,Positive,5,5.0,5
ChZDSUhNMG9nS0VJQ0FnSUNRbGZ6QlR3EAE,,5.0,1.5,Positive,5,5.0,5
ChdDSUhNMG9nS0VJQ0FnSUNReWJHZnNBRRAB,,5.0,1.5,Positive,5,5.0,5
ChZDSUhNMG9nS0VJQ0FnSURnLU51T053EAE,,5.0,1.5,Positive,5,5.0,5
ChdDSUhNMG9nS0VJQ0FnSUNnMlpmMXlnRRAB,,5.0,1.5,Positive,5,5.0,5
ChdDSUhNMG9nS0VJQ0FnSUNBX1BDXzl3RRAB,,5.0,1.5,Positive,5,5.0,5
ChZDSUhNMG9nS0VJQ0FnSUNRNzYyZkJ3EAE,,5.0,1.5,Positive,5,5.0,5
ChZDSUhNMG9nS0VJQ0FnSURBLU4tclpREAE,,5.0,1.5,Positive,5,5.0,5
ChdDSUhNMG9nS0VJQ0FnSUNnc2Q3LTR3RRAB,,3.0,1.5,Positive,5,3.0,3
ChZDSUhNMG9nS0VJQ0FnSUNRNl9iWk53EAE,,5.0,1.5,Positive,5,5.0,5
ChdDSUhNMG9nS0VJQ0FnSURRazhDd3pRRRAB,,5.0,1.5,Positive,5,5.0,5
ChZDSUhNMG9nS0VJQ0FnSUNnalB6T1NBEAE,,5.0,1.5,Positive,5,5.0,5
ChdDSUhNMG9nS0VJQ0FnSURnbXVMdXhBRRAB,,5.0,1.5,Positive,5,5.0,5
ChdDSUhNMG9nS0VJQ0FnSUNBeGZ5cm5nRRAB,Pollution free campus. Institute having private sea beach.,4.0,0.5106,Positive,3,3.5,4
ChZDSUhNMG9nS0VJQ0FnSUNBNV9tQ0lREAE,,5.0,1.5,Positive,5,5.0,5
ChZDSUhNMG9nS0VJQ0FnSURnNjQtZk1BEAE,,4.0,1.5,Positive,5,4.0,4
ChZDSUhNMG9nS0VJQ0FnSUNBOVBHcFl3EAE,,5.0,1.5,Positive,5,5.0,5
ChdDSUhNMG9nS0VJQ0FnSURnNnFmc3hRRRAB,,5.0,1.5,Positive,5,5.0,5
ChdDSUhNMG9nS0VJQ0FnSURnbElYZm9nRRAB,BEST COLLEGE EVER,5.0,0.6369,Positive,4,4.5,5
ChZDSUhNMG9nS0VJQ0FnSURReHBpaUtnEAE,,5.0,1.5,Positive,5,5.0,5
ChdDSUhNMG9nS0VJQ0FnSURBd19uWHlRRRAB,,5.0,1.5,Positive,5,5.0,5
ChdDSUhNMG9nS0VJQ0FnSUNRaDVTTXlnRRAB,,5.0,1.5,Positive,5,5.0,5
ChdDSUhNMG9nS0VJQ0FnSURBa096NTdnRRAB,,5.0,1.5,Positive,5,5.0,5
ChdDSUhNMG9nS0VJQ0FnSURnX2ZfUXdRRRAB,,5.0,1.5,Positive,5,5.0,5
ChZDSUhNMG9nS0VJQ0FnSURneGJfUmJnEAE,,5.0,1.5,Positive,5,5.0,5
ChdDSUhNMG9nS0VJQ0FnSUNnZ0lYYzN3RRAB,Great institute,5.0,0.6249,Positive,3,4.0,4
ChZDSUhNMG9nS0VJQ0FnSUNnMl9LMUtREAE,,5.0,1.5,Positive,5,5.0,5
ChZDSUhNMG9nS0VJQ0FnSUNnZ2J1SUFREAE,Nice place Well equipped labs .Full of greenery and beach side. Neat and cleam,5.0,0.7845,Positive,4,4.5,5
ChZDSUhNMG9nS0VJQ0FnSUNBLV82aVBREAE,,5.0,1.5,Positive,5,5.0,5
ChdDSUhNMG9nS0VJQ0FnSUN3bmRuNjJnRRAB,,5.0,1.5,Positive,5,5.0,5
ChZDSUhNMG9nS0VJQ0FnSUNnbGF5T1NBEAE,,5.0,1.5,Positive,5,5.0,5
ChZDSUhNMG9nS0VJQ0FnSURRakpIOERnEAE,The best college in India(owns a beach). And many nearby places to visit here. Overall the best!!!,5.0,0.8827,Positive,4,4.5,5
ChZDSUhNMG9nS0VJQ0FnSURBaTZHQk1REAE,Incredible place!,5.0,0.0,Neutral,2,3.5,4
ChdDSUhNMG9nS0VJQ0FnSUNBaDZ1Nnd3RRAB,,5.0,1.5,Positive,5,5.0,5
ChdDSUhNMG9nS0VJQ0FnSUNReS1YYzZ3RRAB,,4.0,1.5,Positive,5,4.0,4
ChdDSUhNMG9nS0VJQ0FnSUNRek0zdm13RRAB,,4.0,1.5,Positive,5,4.0,4
ChdDSUhNMG9nS0VJQ0FnSUN3dklpamh3RRAB,There may be no other college in India which is having beach in front of college which looks beautiful even after ur 100th visit.,4.0,0.4019,Positive,3,3.5,4
ChdDSUhNMG9nS0VJQ0FnSURRcUxLQ3NnRRAB,Good academic institution. Well maintained campus,4.0,0.6124,Positive,3,3.5,4
ChZDSUhNMG9nS0VJQ0FnSUNRbzgyNUtREAE,Best in South India,5.0,0.6369,Positive,4,4.5,5
ChZDSUhNMG9nS0VJQ0FnSURna09iaWJREAE,,5.0,1.5,Positive,5,5.0,5
ChZDSUhNMG9nS0VJQ0FnSUNnajUzOWZREAE,,5.0,1.5,Positive,5,5.0,5
ChZDSUhNMG9nS0VJQ0FnSUNnbmVLSEpnEAE,,5.0,1.5,Positive,5,5.0,5
ChdDSUhNMG9nS0VJQ0FnSURnM0xiNXlRRRAB,,5.0,1.5,Positive,5,5.0,5
ChdDSUhNMG9nS0VJQ0FnSUNRdU83eHlRRRAB,,5.0,1.5,Positive,5,5.0,5
ChZDSUhNMG9nS0VJQ0FnSURndk9PbGRnEAE,,5.0,1.5,Positive,5,5.0,5
ChdDSUhNMG9nS0VJQ0FnSURBdnBlaXdnRRAB,,5.0,1.5,Positive,5,5.0,5
ChZDSUhNMG9nS0VJQ0FnSUNBNlpMS2J3EAE,,5.0,1.5,Positive,5,5.0,5
ChZDSUhNMG9nS0VJQ0FnSUNBdGZQcVp3EAE,,5.0,1.5,Positive,5,5.0,5
ChZDSUhNMG9nS0VJQ0FnSUNReF95ZmZ3EAE,,5.0,1.5,Positive,5,5.0,5
ChZDSUhNMG9nS0VJQ0FnSURRc2ItQWNREAE,,5.0,1.5,Positive,5,5.0,5
ChdDSUhNMG9nS0VJQ0FnSUNROXRhczZBRRAB,,5.0,1.5,Positive,5,5.0,5
ChZDSUhNMG9nS0VJQ0FnSURncVlQRkNnEAE,,4.0,1.5,Positive,5,4.0,4
ChZDSUhNMG9nS0VJQ0FnSURnZ2NhUkpBEAE,,4.0,1.5,Positive,5,4.0,4
ChZDSUhNMG9nS0VJQ0FnSUNncS1HeVlBEAE,,3.0,1.5,Positive,5,3.0,3
ChdDSUhNMG9nS0VJQ0FnSUNRNWRXNnB3RRAB,,5.0,1.5,Positive,5,5.0,5
ChZDSUhNMG9nS0VJQ0FnSUNRa09uRFN3EAE,Full grernary and peaceful place but PG hostels not good,5.0,-0.2521,Negative,1,3.0,3
ChZDSUhNMG9nS0VJQ0FnSURBOU95V0NnEAE,,5.0,1.5,Positive,5,5.0,5
ChZDSUhNMG9nS0VJQ0FnSUNneWZfakNREAE,,5.0,1.5,Positive,5,5.0,5
ChZDSUhNMG9nS0VJQ0FnSUNBeXVuTGJnEAE,,3.0,1.5,Positive,5,3.0,3
ChZDSUhNMG9nS0VJQ0FnSUNneUwtSklBEAE,,5.0,1.5,Positive,5,5.0,5
ChZDSUhNMG9nS0VJQ0FnSURnbTlyYlBnEAE,its very good college there all facilities provided by college ..,5.0,0.4927,Positive,3,4.0,4
ChZDSUhNMG9nS0VJQ0FnSUNnaThtOFZREAE,,5.0,1.5,Positive,5,5.0,5
ChZDSUhNMG9nS0VJQ0FnSUN3amNHVkt3EAE,,4.0,1.5,Positive,5,4.0,4
ChZDSUhNMG9nS0VJQ0FnSUN3ak9yR2F3EAE,,5.0,1.5,Positive,5,5.0,5
ChdDSUhNMG9nS0VJQ0FnSURRNlp2RHRnRRAB,,5.0,1.5,Positive,5,5.0,5
ChdDSUhNMG9nS0VJQ0FnSUNRb0pxaTN3RRAB,There's no Dustbin around and they are saying that we have to use Dustbin,1.0,-0.296,Negative,1,1.0,1
ChZDSUhNMG9nS0VJQ0FnSURRa3BhVmNnEAE,,5.0,1.5,Positive,5,5.0,5
ChdDSUhNMG9nS0VJQ0FnSURBNXBxczFBRRAB,,5.0,1.5,Positive,5,5.0,5
ChZDSUhNMG9nS0VJQ0FnSUN3eTltOFVBEAE,,5.0,1.5,Positive,5,5.0,5
ChZDSUhNMG9nS0VJQ0FnSURBejlTVEF3EAE,Well maintained  institute with good facilities and also good beach for evening walk,5.0,0.7845,Positive,4,4.5,5
ChZDSUhNMG9nS0VJQ0FnSUN3aGE3cEN3EAE,,5.0,1.5,Positive,5,5.0,5
ChZDSUhNMG9nS0VJQ0FnSURnb2Zmb1ZREAE,NITK is one of the clean campuses I have seen so far.It has very good greenery around and the beach on the otherside.It located on the besides ofNH66 which connects to the Mangalore to bombay.,5.0,0.7089,Positive,4,4.5,5
ChdDSUhNMG9nS0VJQ0FnSURnenZxNHJ3RRAB,,4.0,1.5,Positive,5,4.0,4
ChZDSUhNMG9nS0VJQ0FnSUN3X3FMb0xnEAE,,4.0,1.5,Positive,5,4.0,4
ChZDSUhNMG9nS0VJQ0FnSUNBeHQtOWRBEAE,,5.0,1.5,Positive,5,5.0,5
ChZDSUhNMG9nS0VJQ0FnSUNndzhHelBBEAE,,5.0,1.5,Positive,5,5.0,5
ChZDSUhNMG9nS0VJQ0FnSUNRdU82T1l3EAE,,5.0,1.5,Positive,5,5.0,5
ChdDSUhNMG9nS0VJQ0FnSURnODluRWpRRRAB,,4.0,1.5,Positive,5,4.0,4
ChZDSUhNMG9nS0VJQ0FnSUNBanBPRERREAE,,5.0,1.5,Positive,5,5.0,5
ChdDSUhNMG9nS0VJQ0FnSUNReDh2MmpnRRAB,,5.0,1.5,Positive,5,5.0,5
ChZDSUhNMG9nS0VJQ0FnSURBdV96ZktREAE,Greenery all over..!!  -1 coz washrooms are not at clean..!!,4.0,-0.5308,Negative,1,2.5,2
ChZDSUhNMG9nS0VJQ0FnSURBblppWVZnEAE,A awesome campus. Just loved it.,5.0,0.8402,Positive,4,4.5,5
ChdDSUhNMG9nS0VJQ0FnSUN3bDVmS193RRAB,,5.0,1.5,Positive,5,5.0,5
ChZDSUhNMG9nS0VJQ0FnSUNBdXNUck9BEAE,,5.0,1.5,Positive,5,5.0,5
ChdDSUhNMG9nS0VJQ0FnSUN3NHZfYnp3RRAB,,5.0,1.5,Positive,5,5.0,5
ChdDSUhNMG9nS0VJQ0FnSUN3LWJiNV9BRRAB,"I'm the student of NITK, it is the only one campus in India with sea beach and light house.This is a huge campus with pollution free.Surroundings are filled with fresh air from the tress.All the facilities like Wi-Fi,sports,huge library with a great collection of books are available. The most beautiful thing on the campus is our own college.",5.0,0.9371,Positive,4,4.5,5
ChdDSUhNMG9nS0VJQ0FnSURRbklTSm5BRRAB,,1.0,1.5,Positive,5,1.0,1
ChdDSUhNMG9nS0VJQ0FnSUNBNEtEdXlnRRAB,,5.0,1.5,Positive,5,5.0,5
ChZDSUhNMG9nS0VJQ0FnSUNRbk12MlhnEAE,,3.0,1.5,Positive,5,3.0,3
ChZDSUhNMG9nS0VJQ0FnSUN3c2ZxSVVBEAE,"I asked coursesmba web team about this college with comparision of others then i got someinput, BACHELOR-OF-TECHNOLOGY-[B-Tech],4-YearS,FULL-TIME, located in  and they offer various courses CHEMICAL-ENGINEERING,ELECTRONICS-&-COMMUNICATION-ENGINEERING,BUSINESS-ANALYTICS,E-BUSINESS,FINANCE,FINANCIAL-MANAGEMENT,HUMAN-RESOURCE-MANAGEMENT,INTERNATIONAL-BUSINESS,MARKETING,MATERIALS-MANAGEMENT,OPERATIONS-MANAGEMENT,RETAIL-MANAGEMENT,SALES-AND-DISTRIBUTION-MANAGEMENT I hope this review is informative to admission seeker. Thanks.",4.0,0.7003,Positive,4,4.0,4
ChZDSUhNMG9nS0VJQ0FnSUNRbXRIYURnEAE,"The campus is one of the oldest among Nits. NITK is the only campus in india with a private beach and lighthouse. The campus is spread on both sides of NH88. It has got basketball , badminton , tennis, kho kho courts, swimming pool, cricket ground and gyms. The campus offers a serene place to develope your knowledge with all the higly qualified faculties and lab facilities.",5.0,0.4588,Positive,3,4.0,4
ChZDSUhNMG9nS0VJQ0FnSURRNWRmUUNBEAE,,5.0,1.5,Positive,5,5.0,5
ChZDSUhNMG9nS0VJQ0FnSURRaHZmWFJ3EAE,,5.0,1.5,Positive,5,5.0,5
ChdDSUhNMG9nS0VJQ0FnSUNBN3NpN3BRRRAB,,3.0,1.5,Positive,5,3.0,3
ChZDSUhNMG9nS0VJQ0FnSURnanB2U2NREAE,,4.0,1.5,Positive,5,4.0,4
ChZDSUhNMG9nS0VJQ0FnSURneW9Mc1lBEAE,,1.0,1.5,Positive,5,1.0,1
ChZDSUhNMG9nS0VJQ0FnSUNncHZ2V1d3EAE,"I asked coursesmba web team about this college with comparision of others then i got someinput, BACHELOR-OF-TECHNOLOGY-[B.TECH],4-YearS,FULL-TIME, located in  and they offer various courses CHEMICAL-ENGINEERING,CIVIL-ENGINEERING,COMPUTER-ENGINEERING,ELECTRICAL-AND-ELECTRONICS-ENGINEERING,ELECTRONICS-&-COMMUNICATION-ENGINEERING,MECHANICAL-ENGINEERING,MINING-ENGINEERING,INFORMATION-TECHNOLOGY,METALLURGICAL-AND-MATERIALS-ENGINEERING,COMPUTER-ENGINEERING,COMPUTER-SCIENCE-AND-ENGINEERING,CONSTRUCTION-TECHNOLOGY,ENVIRONMENTAL-ENGINEERING,GEOTECHNICAL-ENGINEERING,INDUSTRIAL-BIOTECHNOLOGY,INDUSTRIAL-POLLUTION-CONTROL-ENGINEERING,INFORMATION-TECHNOLOGY,MANUFACTURING-AND-PRECISION-ENGINEERING,MARINE-ENGINEERING,METALLURGICAL-&-MATERIALS-ENGINEERING I hope this review is informative to admission seeker. Thanks.",3.0,0.7003,Positive,4,3.5,4
ChZDSUhNMG9nS0VJQ0FnSUNRdnB5OEV3EAE,Only college in India with beach. üòé,5.0,0.4588,Positive,3,4.0,4
ChdDSUhNMG9nS0VJQ0FnSURBdGQyRjZRRRAB,,5.0,1.5,Positive,5,5.0,5
ChZDSUhNMG9nS0VJQ0FnSUNnejdfU1FnEAE,Good college,5.0,0.4404,Positive,3,4.0,4
ChZDSUhNMG9nS0VJQ0FnSUNBcjhlN0F3EAE,Big campus...,5.0,0.0,Neutral,2,3.5,4
ChZDSUhNMG9nS0VJQ0FnSUNBbEpfU0VnEAE,,5.0,1.5,Positive,5,5.0,5
ChZDSUhNMG9nS0VJQ0FnSUNnOThXd0JBEAE,As far as I'm concerned it's the only college in world which has a private beach!,5.0,0.0,Neutral,2,3.5,4
ChZDSUhNMG9nS0VJQ0FnSUNBMW9yR0J3EAE,,5.0,1.5,Positive,5,5.0,5
ChdDSUhNMG9nS0VJQ0FnSURBOUlDLWx3RRAB,One of Best institution in India.,4.0,0.6369,Positive,4,4.0,4
ChZDSUhNMG9nS0VJQ0FnSURBb19ieWZBEAE,Lovely place for engineering...,5.0,0.5859,Positive,3,4.0,4
ChdDSUhNMG9nS0VJQ0FnSUNRaTd5RTVRRRAB,,5.0,1.5,Positive,5,5.0,5
ChZDSUhNMG9nS0VJQ0FnSURnM3RPS0hBEAE,,5.0,1.5,Positive,5,5.0,5
ChdDSUhNMG9nS0VJQ0FnSURRNmVEOG1RRRAB,,5.0,1.5,Positive,5,5.0,5
ChdDSUhNMG9nS0VJQ0FnSUN3N2VyVDBRRRAB,,5.0,1.5,Positive,5,5.0,5
ChdDSUhNMG9nS0VJQ0FnSURnN3BLQWx3RRAB,,5.0,1.5,Positive,5,5.0,5
ChZDSUhNMG9nS0VJQ0FnSURneHByVlF3EAE,One of the finest college in South India. Has its own beach ,5.0,0.0,Neutral,2,3.5,4
ChZDSUhNMG9nS0VJQ0FnSUN3eFBTQ1pnEAE,,5.0,1.5,Positive,5,5.0,5
ChdDSUhNMG9nS0VJQ0FnSURROXJ5YjdRRRAB,,5.0,1.5,Positive,5,5.0,5
ChdDSUhNMG9nS0VJQ0FnSUNBdXVpdHlBRRAB,Nice environment and better hostel facilities compared to most of other nit,4.0,0.6908,Positive,4,4.0,4
ChdDSUhNMG9nS0VJQ0FnSURnZzdlemlBRRAB,,5.0,1.5,Positive,5,5.0,5
ChdDSUhNMG9nS0VJQ0FnSURnaXZXZ3RnRRAB,,1.0,1.5,Positive,5,1.0,1
ChdDSUhNMG9nS0VJQ0FnSURBNm9PQXpRRRAB,,5.0,1.5,Positive,5,5.0,5
ChZDSUhNMG9nS0VJQ0FnSURncnJ1dFF3EAE,,5.0,1.5,Positive,5,5.0,5
ChZDSUhNMG9nS0VJQ0FnSUN3NFpHcUh3EAE,,5.0,1.5,Positive,5,5.0,5
ChZDSUhNMG9nS0VJQ0FnSUNRel9lM0ZnEAE,,5.0,1.5,Positive,5,5.0,5
ChZDSUhNMG9nS0VJQ0FnSUNnblpLLU5REAE,"Its an awesome place for your graduation helps for an all round development of yours.It has all the facilities like sports ground,swimming pool,gym,hair salon,laundry, ATM all inside the campus. This is the only college with a private beach.College is located at the heart of many tourist places like Murudeshwar,Coorg,Udupi,Wayanad,Kodachadri,Agumbe,Hanumangundi falls,Gokarna which are like weekend getaways.It has excellent connectivity through railways and airways.public transport is available at all times (06:00-23:00)at cheap rates. The Mangalore city which is 20Km from campus is a fully Gdeveloped city, it has 3 malls with cinepolis,PVR,BIG cinemas for movies. it has KFC,PIZZAHUT,DOMINOS,CCD,MCDONALDS. Mangalore is a very pocket-friendly city providing the entertainment. The night life is above average and there is a ""nite canteen"" in college serving firstv quality food as late as 3 in the morning which is the awesome feature. NITK is the only college with a private beach of it's own. then there are fests, musical nights,Dj nights which are better than the fancy ones in the cities costing you a fortune. don't worry about the spoken language of region, most of them speak Telugu, Hindi apart from kannada. I pretty much covered everything in and around of campus.",5.0,0.9887,Positive,4,4.5,5
ChdDSUhNMG9nS0VJQ0FnSURBcTlLbi1RRRAB,Very Good Engineering College in Mangalore,5.0,0.4927,Positive,3,4.0,4
ChdDSUhNMG9nS0VJQ0FnSURRXzZIX3ZRRRAB,Great campus infrastructure.  Have private beach,5.0,0.6249,Positive,3,4.0,4
ChdDSUhNMG9nS0VJQ0FnSURRNnNtYjZBRRAB,Chennagilla,1.0,0.0,Neutral,2,1.5,1
ChZDSUhNMG9nS0VJQ0FnSURBMEtTTWRREAE,,5.0,1.5,Positive,5,5.0,5
ChdDSUhNMG9nS0VJQ0FnSUNnNXFPT3N3RRAB,One of the finest college in southindia.... greenest campus with own beach college...,4.0,0.0,Neutral,2,3.0,3
ChZDSUhNMG9nS0VJQ0FnSURRcjVYX1JREAE,,5.0,1.5,Positive,5,5.0,5
ChdDSUhNMG9nS0VJQ0FnSUNBcUxDTjh3RRAB,It's nice and clean ,5.0,0.6705,Positive,4,4.5,5
ChZDSUhNMG9nS0VJQ0FnSURBbFlPMEpBEAE,,5.0,1.5,Positive,5,5.0,5
ChZDSUhNMG9nS0VJQ0FnSURBLWNYMFhnEAE,,5.0,1.5,Positive,5,5.0,5
ChdDSUhNMG9nS0VJQ0FnSUN3NFpxM29RRRAB,,5.0,1.5,Positive,5,5.0,5
ChdDSUhNMG9nS0VJQ0FnSURBdzU3MjVnRRAB,,5.0,1.5,Positive,5,5.0,5
ChZDSUhNMG9nS0VJQ0FnSUNnLU5mZWRBEAE,"6 months of rain , 6 months of sun; awesome private beach, with an awesome sunset; nights go on with night canteen; peacocks roaming around the western side campus!",5.0,0.8588,Positive,4,4.5,5
ChZDSUhNMG9nS0VJQ0FnSUNBZ3V1X0hnEAE,Good facilities,5.0,0.4404,Positive,3,4.0,4
ChdDSUhNMG9nS0VJQ0FnSUNBMjRuRDV3RRAB,Loved it,5.0,0.5994,Positive,3,4.0,4
ChdDSUhNMG9nS0VJQ0FnSURReDk2NXhBRRAB,,5.0,1.5,Positive,5,5.0,5
ChdDSUhNMG9nS0VJQ0FnSUNBMWVtTjB3RRAB,Good place to be. Teaches u life for sure ;-) ,5.0,0.7351,Positive,4,4.5,5
ChdDSUhNMG9nS0VJQ0FnSURnLXBEaHJBRRAB,Very good college..,5.0,0.4927,Positive,3,4.0,4
ChZDSUhNMG9nS0VJQ0FnSURRbTUzeUlREAE,,5.0,1.5,Positive,5,5.0,5
ChZDSUhNMG9nS0VJQ0FnSUNneGNYcVR3EAE,"Awesome Place, Biggest College Campus, Proud to Whole District",4.0,0.802,Positive,4,4.0,4
ChZDSUhNMG9nS0VJQ0FnSUN3bGJHUVBREAE,How to get a chance to look at the moment and I will be there with my group and a few days later in life. ,5.0,0.25,Positive,3,4.0,4
ChZDSUhNMG9nS0VJQ0FnSUN3d3AyakVBEAE,huge campus with great environment.,4.0,0.7506,Positive,4,4.0,4
ChdDSUhNMG9nS0VJQ0FnSURBbHJUS2lnRRAB,Top most NIT and having rich culture. ,5.0,0.6597,Positive,4,4.5,5
ChZDSUhNMG9nS0VJQ0FnSURRa2NHLUt3EAE,,5.0,1.5,Positive,5,5.0,5
ChdDSUhNMG9nS0VJQ0FnSUNnak1fSnZBRRAB,,5.0,1.5,Positive,5,5.0,5
ChZDSUhNMG9nS0VJQ0FnSUNRc3VLRGFREAE,(Translated by Google) Wowwww  (Original) Wowwww,5.0,0.3182,Positive,3,4.0,4
ChdDSUhNMG9nS0VJQ0FnSUN3NW9iSzdBRRAB,,5.0,1.5,Positive,5,5.0,5
ChdDSUhNMG9nS0VJQ0FnSUNRNXRqbnh3RRAB,,5.0,1.5,Positive,5,5.0,5
ChZDSUhNMG9nS0VJQ0FnSURBc2EtcUNREAE,The best place to be.,5.0,0.6369,Positive,4,4.5,5
ChZDSUhNMG9nS0VJQ0FnSURna1BUNmVBEAE,,5.0,1.5,Positive,5,5.0,5
ChdDSUhNMG9nS0VJQ0FnSUNncmR2MG5RRRAB,"he best NIT in the country, with a eminent professors and great supporting staff active student body which is great for students to collaborate with each other. Best part the only college in Indian to have a private",4.0,0.9726,Positive,4,4.0,4
ChZDSUhNMG9nS0VJQ0FnSUNRb1BIOUFREAE,"Beautiful place, students seems to be very active.  The beach is beautiful. Decent size auditorium. Good infrastructure.",5.0,0.9286,Positive,4,4.5,5
ChdDSUhNMG9nS0VJQ0FnSURRcll1TGdnRRAB,,5.0,1.5,Positive,5,5.0,5
ChdDSUhNMG9nS0VJQ0FnSURnd3NiS3pnRRAB,Good quality teaching and innovative works.,4.0,0.7003,Positive,4,4.0,4
ChZDSUhNMG9nS0VJQ0FnSUNnOFpEQ0R3EAE,,5.0,1.5,Positive,5,5.0,5
ChZDSUhNMG9nS0VJQ0FnSURBX0xIN1ZnEAE,,5.0,1.5,Positive,5,5.0,5
ChdDSUhNMG9nS0VJQ0FnSUNBdzdxM2pBRRAB,,5.0,1.5,Positive,5,5.0,5
ChdDSUhNMG9nS0VJQ0FnSUNnbUtqSGx3RRAB,,5.0,1.5,Positive,5,5.0,5
ChZDSUhNMG9nS0VJQ0FnSURnNTQtYllBEAE,,3.0,1.5,Positive,5,3.0,3
ChdDSUhNMG9nS0VJQ0FnSUNBb2VDU193RRAB,Excellent,5.0,0.5719,Positive,3,4.0,4
ChdDSUhNMG9nS0VJQ0FnSUNRdWZxZ2tRRRAB,Ultimate app ,5.0,0.0,Neutral,2,3.5,4
ChdDSUhNMG9nS0VJQ0FnSURBMk1EbG9nRRAB,Best place to study....!,5.0,0.6696,Positive,4,4.5,5
ChdDSUhNMG9nS0VJQ0FnSURRdHNlZ3JRRRAB,Impressive ,5.0,0.5106,Positive,3,4.0,4
ChdDSUhNMG9nS0VJQ0FnSUNBNWFDV3pBRRAB,No comments.. All i would like to say is just to work hard nd join here as it changes ur life nd way of living completely. I missed this college by an inch. It is among the top three NIT's in india,5.0,0.1082,Positive,2,3.5,4
ChZDSUhNMG9nS0VJQ0FnSUN3MXRyX2J3EAE,,5.0,1.5,Positive,5,5.0,5
ChZDSUhNMG9nS0VJQ0FnSURBLWJtZmZnEAE,,5.0,1.5,Positive,5,5.0,5
ChdDSUhNMG9nS0VJQ0FnSURBcFl5bHhnRRAB,Good looking ,4.0,0.4404,Positive,3,3.5,4
ChZDSUhNMG9nS0VJQ0FnSUNRX19UcEFnEAE,,5.0,1.5,Positive,5,5.0,5
ChdDSUhNMG9nS0VJQ0FnSUN3aE9EV3FnRRAB,(Translated by Google) SUPER CAMPUS  (Original) SUPER CAMPUS,5.0,0.9112,Positive,4,4.5,5
ChZDSUhNMG9nS0VJQ0FnSURnc0xmR2N3EAE,,4.0,1.5,Positive,5,4.0,4
ChZDSUhNMG9nS0VJQ0FnSURnX29iUU9REAE,"The National Institute of Technology Karnataka formerly known as Karnataka Regional Engineering College, is a public engineering university at Surathkal, on the outskirts of Mangalore.",5.0,0.0,Neutral,2,3.5,4
ChZDSUhNMG9nS0VJQ0FnSURBdUlyLVp3EAE,(Translated by Google) NITK  (Original) NITK,4.0,0.3182,Positive,3,3.5,4
ChdDSUhNMG9nS0VJQ0FnSURBczlPcTZ3RRAB,,5.0,1.5,Positive,5,5.0,5
ChdDSUhNMG9nS0VJQ0FnSURBaDh1YzJnRRAB,NITK IS THE BOMB. NO CLG CAN GET BETTER. IF YOU ARE HERE CONSIDER YOURSELF LUCKY AND MAKE MOST USE OF IT.CONGRATULATIONS,5.0,0.9287,Positive,4,4.5,5
ChZDSUhNMG9nS0VJQ0FnSUNncC1ESlZnEAE,,5.0,1.5,Positive,5,5.0,5
ChdDSUhNMG9nS0VJQ0FnSUNneXVlSzFBRRAB,,5.0,1.5,Positive,5,5.0,5
ChZDSUhNMG9nS0VJQ0FnSUNnMF9uU2FnEAE,,5.0,1.5,Positive,5,5.0,5
ChdDSUhNMG9nS0VJQ0FnSURRcDlESTN3RRAB,,4.0,1.5,Positive,5,4.0,4
ChZDSUhNMG9nS0VJQ0FnSURncF8tclNnEAE,,5.0,1.5,Positive,5,5.0,5
ChZDSUhNMG9nS0VJQ0FnSURnNzlpUkd3EAE,,5.0,1.5,Positive,5,5.0,5
ChdDSUhNMG9nS0VJQ0FnSUNneFp6MjRnRRAB,,5.0,1.5,Positive,5,5.0,5
ChdDSUhNMG9nS0VJQ0FnSUNRbHFYR19nRRAB,Lovely clg,5.0,0.5859,Positive,3,4.0,4
ChdDSUhNMG9nS0VJQ0FnSURnNnZEdm13RRAB,"Top class faculty, top rated course work. Very good placements. Highly recommended.",5.0,0.7837,Positive,4,4.5,5
ChZDSUhNMG9nS0VJQ0FnSUNRXzRxUk9REAE,Loved it,5.0,0.5994,Positive,3,4.0,4
ChdDSUhNMG9nS0VJQ0FnSUNRa1BTcGp3RRAB,,5.0,1.5,Positive,5,5.0,5
ChZDSUhNMG9nS0VJQ0FnSUNRMzQzb2ZnEAE,"Studied computer engineering here, it is one of the best places where you can study engineering in India. Very serene, calm and peaceful. Treat for beach and nature lovers as there is a lot of greenery and a private beach.",5.0,0.9605,Positive,4,4.5,5
ChZDSUhNMG9nS0VJQ0FnSUNnZ3BTbExBEAE, NITK BEACH,5.0,0.0,Neutral,2,3.5,4
ChdDSUhNMG9nS0VJQ0FnSUNRaWRtUW1BRRAB,,5.0,1.5,Positive,5,5.0,5
ChZDSUhNMG9nS0VJQ0FnSURBM3ZfbUdnEAE,"Campus is very huge lots of greens, I liked this place, faculty seems to be good.  By the way I'm services vendor to this college. ",4.0,0.807,Positive,4,4.0,4
ChZDSUhNMG9nS0VJQ0FnSURBd0lPTFVnEAE,,2.0,1.5,Positive,5,2.0,2
ChdDSUhNMG9nS0VJQ0FnSUNRbU5mR2lBRRAB,,5.0,1.5,Positive,5,5.0,5
ChdDSUhNMG9nS0VJQ0FnSUNnLXByemtBRRAB,Best learning environment and surrounded by greenery. Equipped with experienced professors and good lab facilities,5.0,0.7964,Positive,4,4.5,5
ChdDSUhNMG9nS0VJQ0FnSUN3OGMzenh3RRAB,,4.0,1.5,Positive,5,4.0,4
ChZDSUhNMG9nS0VJQ0FnSURRcmZDS0VnEAE,Nice place...Nice facilities ..Great experience at unmanned ground vehicle workshop..,5.0,0.7845,Positive,4,4.5,5
ChdDSUhNMG9nS0VJQ0FnSUNBallhNWxBRRAB,,5.0,1.5,Positive,5,5.0,5
ChZDSUhNMG9nS0VJQ0FnSURRblpiV05REAE,,5.0,1.5,Positive,5,5.0,5
ChZDSUhNMG9nS0VJQ0FnSUNRdE9QeWNBEAE,,5.0,1.5,Positive,5,5.0,5
ChZDSUhNMG9nS0VJQ0FnSUN3b3RhV0dBEAE,,5.0,1.5,Positive,5,5.0,5
ChdDSUhNMG9nS0VJQ0FnSURRb055UnBnRRAB,Good national institute of technology Karnataka,5.0,0.4404,Positive,3,4.0,4
ChdDSUhNMG9nS0VJQ0FnSUN3cjl5Ny1nRRAB,,5.0,1.5,Positive,5,5.0,5
ChZDSUhNMG9nS0VJQ0FnSUNROTZYUE9REAE,,4.0,1.5,Positive,5,4.0,4
ChdDSUhNMG9nS0VJQ0FnSURRazdhbW1nRRAB,A competitive school that requires a lot of hard work from its students. Every graduate becomes a proud alumni.,5.0,0.5267,Positive,3,4.0,4
ChZDSUhNMG9nS0VJQ0FnSUN3aTRqeEZnEAE,One of the best technical institute of india,5.0,0.6369,Positive,4,4.5,5
ChdDSUhNMG9nS0VJQ0FnSUNBenRhQ3RRRRAB,,5.0,1.5,Positive,5,5.0,5
ChZDSUhNMG9nS0VJQ0FnSUNndnNlS0xREAE,,5.0,1.5,Positive,5,5.0,5
ChZDSUhNMG9nS0VJQ0FnSUNBcGVHMWFnEAE,,2.0,1.5,Positive,5,2.0,2
ChdDSUhNMG9nS0VJQ0FnSURRMVpMOGd3RRAB,,5.0,1.5,Positive,5,5.0,5
ChdDSUhNMG9nS0VJQ0FnSURBdEpERnZnRRAB,,1.0,1.5,Positive,5,1.0,1
ChZDSUhNMG9nS0VJQ0FnSUN3ek9fU1B3EAE,Very attractive,4.0,0.4927,Positive,3,3.5,4
ChZDSUhNMG9nS0VJQ0FnSUN3NE1QQ0lREAE,,5.0,1.5,Positive,5,5.0,5
ChdDSUhNMG9nS0VJQ0FnSUNRN182bzh3RRAB,"Consistently ranked in the top 10 colleges in India with many renowned faculty. Situated 30 mins from the city, the campus is beautiful with lots of greenery and a private beach!",5.0,0.7177,Positive,4,4.5,5
ChdDSUhNMG9nS0VJQ0FnSUNnNExmZmpnRRAB,MY DAUGHTER'S DREAM,4.0,0.25,Positive,3,3.5,4
ChdDSUhNMG9nS0VJQ0FnSUNRa1pxXzd3RRAB,you HAVE to come and experience LIFE  at NITK....,5.0,0.0,Neutral,2,3.5,4
ChdDSUhNMG9nS0VJQ0FnSURnOHFQeHBRRRAB,,4.0,1.5,Positive,5,4.0,4
ChZDSUhNMG9nS0VJQ0FnSUNBNjYzbklBEAE,Premier Institute for Technical Education....,5.0,0.0,Neutral,2,3.5,4
ChdDSUhNMG9nS0VJQ0FnSUNBeHVxajNBRRAB,,5.0,1.5,Positive,5,5.0,5
ChdDSUhNMG9nS0VJQ0FnSURnMFpIai1BRRAB,One of the premier institutes undet the Union HRD ministry !!,5.0,0.0,Neutral,2,3.5,4
ChZDSUhNMG9nS0VJQ0FnSUNBck9hWElnEAE,Best place for education and research,5.0,0.6369,Positive,4,4.5,5
ChdDSUhNMG9nS0VJQ0FnSUNBMElDbnZBRRAB,,5.0,1.5,Positive,5,5.0,5
ChZDSUhNMG9nS0VJQ0FnSUNBanF1dEp3EAE,"Amazing campus, lovely crowd, great infrastructure.",5.0,0.9136,Positive,4,4.5,5
ChdDSUhNMG9nS0VJQ0FnSURnX29yVm9nRRAB,,5.0,1.5,Positive,5,5.0,5
ChZDSUhNMG9nS0VJQ0FnSUNnamJPU2NnEAE,,5.0,1.5,Positive,5,5.0,5
ChdDSUhNMG9nS0VJQ0FnSURRNzlxTjNRRRAB,Been here ,5.0,0.0,Neutral,2,3.5,4
ChdDSUhNMG9nS0VJQ0FnSUN3ei1XaThRRRAB,,5.0,1.5,Positive,5,5.0,5
ChZDSUhNMG9nS0VJQ0FnSUNBMTZhSEVnEAE,,5.0,1.5,Positive,5,5.0,5
ChdDSUhNMG9nS0VJQ0FnSUN3aWV6Z2pBRRAB,"Awesome place for students, has private beach",4.0,0.6249,Positive,3,3.5,4
ChdDSUhNMG9nS0VJQ0FnSUNneUp1YXJBRRAB,,2.0,1.5,Positive,5,2.0,2
ChdDSUhNMG9nS0VJQ0FnSUN3LXV6MDdRRRAB,,5.0,1.5,Positive,5,5.0,5
ChZDSUhNMG9nS0VJQ0FnSUNBX09DMFZ3EAE,,5.0,1.5,Positive,5,5.0,5
ChdDSUhNMG9nS0VJQ0FnSUNRLVBLMm5RRRAB,,5.0,1.5,Positive,5,5.0,5
ChdDSUhNMG9nS0VJQ0FnSUNRMEtYaTNBRRAB,,5.0,1.5,Positive,5,5.0,5
ChZDSUhNMG9nS0VJQ0FnSURBd2ZESEpnEAE,,4.0,1.5,Positive,5,4.0,4
ChZDSUhNMG9nS0VJQ0FnSUN3b1l1akVREAE,,5.0,1.5,Positive,5,5.0,5
ChdDSUhNMG9nS0VJQ0FnSURnc2FYNXVBRRAB,"You name it, they have it.. truly a good residential campus.. facilities are best in class.. ",5.0,0.875,Positive,4,4.5,5
ChZDSUhNMG9nS0VJQ0FnSUNRNjdDdVZBEAE,"A great engineering college in India, offering courses at Undergraduate, postgraduate and research level for various engineering discipline.",5.0,0.6249,Positive,3,4.0,4
ChZDSUhNMG9nS0VJQ0FnSURnc29pbExBEAE,,3.0,1.5,Positive,5,3.0,3
ChZDSUhNMG9nS0VJQ0FnSURnc0xfN1RBEAE,I THINK I WILL STUDY HERE!!! Lucky me ,5.0,0.5684,Positive,3,4.0,4
ChZDSUhNMG9nS0VJQ0FnSURReV83YURBEAE,,5.0,1.5,Positive,5,5.0,5
ChdDSUhNMG9nS0VJQ0FnSURBNHJ5MzBRRRAB,,5.0,1.5,Positive,5,5.0,5
ChdDSUhNMG9nS0VJQ0FnSUNBdWJXS3JnRRAB,,4.0,1.5,Positive,5,4.0,4
ChZDSUhNMG9nS0VJQ0FnSUNnMU5lbUhnEAE,,5.0,1.5,Positive,5,5.0,5
ChdDSUhNMG9nS0VJQ0FnSUNRaTgzYnVRRRAB,Best,5.0,0.6369,Positive,4,4.5,5
ChZDSUhNMG9nS0VJQ0FnSURRMm9XX1JnEAE,,5.0,1.5,Positive,5,5.0,5
ChZDSUhNMG9nS0VJQ0FnSURBMWVHTkxREAE,"Who doesn't like college life, what if it is very close to a beach, can't imagine right, exactly, NITK is one of the few colleges in the world, if I may say so,  very close to sea and has a private beach in its name.  I am a former student of NITK, batch of 2013 and I am proud to say that I am NITKian, cause my college life in NITK completely changed me. If there is anybody who would like to experience a thrilling college life, this is the college you should opt to. As you know, this is one of the top technical institutes in India.  It is well maintained with lot of greenery and managed by good management.  This is the place for nerdy people and party people and people who doesn't belong to neither groups. Has well built buildings, well equipped labs and good faculty. NITK is about 20 KM far from Mangalore city, so if you're searching for a place to hangout, it's not too far. Even though hostel was very good, the hostel food was not upto the mark. So, you might want to save your pocket money, because there are plenty of places to eat food, inside the campus and outside of it. When it comes to teaching facility, it has a good library and private study rooms and free computer center. College has two big playing grounds, indoor stadium for table tennis and badminton, separate court for basketball, volleyball and tennis. And, there is a big, well maintained swimming pool.  So, what else you need, get ready to crack the entrance exam and join this fantastic, marvelous college.",5.0,0.9926,Positive,4,4.5,5
ChZDSUhNMG9nS0VJQ0FnSURnM19PdVp3EAE,,5.0,1.5,Positive,5,5.0,5
ChZDSUhNMG9nS0VJQ0FnSURnNVB6S1pnEAE,,5.0,1.5,Positive,5,5.0,5
ChRDSUhNMG9nS0VJQ0FnSURncnBwSBAB,,5.0,1.5,Positive,5,5.0,5
ChZDSUhNMG9nS0VJQ0FnSURReHYyR1ZREAE,,5.0,1.5,Positive,5,5.0,5
ChZDSUhNMG9nS0VJQ0FnSUNBanBDSWR3EAE,"NIT Campus is situated in a beautiful place where you can enjoy the beauty of nature ..Arabian sea is here to give you the perfect pleasure... No city, no big buildings, no noise here...only concentrate on study and enjoy the place.... Koch-panvel highway is also near to NIT",5.0,0.9637,Positive,4,4.5,5
ChdDSUhNMG9nS0VJQ0FnSUN3NGJqS3N3RRAB,,5.0,1.5,Positive,5,5.0,5
ChZDSUhNMG9nS0VJQ0FnSUNBbS0zRWZREAE,Best institute ever...love nitk beach ...,5.0,0.6369,Positive,4,4.5,5
ChdDSUhNMG9nS0VJQ0FnSUN3aU8zQjZnRRAB,,5.0,1.5,Positive,5,5.0,5
ChZDSUhNMG9nS0VJQ0FnSUNnbW9iU1dREAE,,5.0,1.5,Positive,5,5.0,5
ChZDSUhNMG9nS0VJQ0FnSURBbUxpVU9nEAE,Premium engineering school.,5.0,0.0,Neutral,2,3.5,4
ChdDSUhNMG9nS0VJQ0FnSURReklTTmxnRRAB,It's a different atmosphere overall ,5.0,0.0,Neutral,2,3.5,4
ChdDSUhNMG9nS0VJQ0FnSURnNXRiXzBnRRAB,,5.0,1.5,Positive,5,5.0,5
ChZDSUhNMG9nS0VJQ0FnSURBbHAtUlZBEAE,OK....I'm staying close to that.....,5.0,0.0,Neutral,2,3.5,4
ChdDSUhNMG9nS0VJQ0FnSUNRZ19HNmxRRRAB,Best NIT of india,5.0,0.6369,Positive,4,4.5,5
ChZDSUhNMG9nS0VJQ0FnSUNRbXAyVlpREAE,Best college...üëå,4.0,0.8842,Positive,4,4.0,4
ChdDSUhNMG9nS0VJQ0FnSURna3MtRjN3RRAB,,4.0,1.5,Positive,5,4.0,4
ChZDSUhNMG9nS0VJQ0FnSUNBaGNMdldnEAE,Beautiful campus. Has a private beach. Summer time here is unbearable though. ,5.0,0.5994,Positive,3,4.0,4
ChZDSUhNMG9nS0VJQ0FnSURndExPYVJBEAE,One of the best Engineering Institution in India. ,5.0,0.6369,Positive,4,4.5,5
ChdDSUhNMG9nS0VJQ0FnSUNBazZiQzF3RRAB,Excellent place to study and enjoy.,5.0,0.7845,Positive,4,4.5,5
ChdDSUhNMG9nS0VJQ0FnSURRa283YWp3RRAB,Heaven for engineers!! üòçüòç,5.0,0.8715,Positive,4,4.5,5
ChdDSUhNMG9nS0VJQ0FnSURnbHIyWGd3RRAB,Nice place,5.0,0.4215,Positive,3,4.0,4
ChZDSUhNMG9nS0VJQ0FnSUN3NEotdEhnEAE,,5.0,1.5,Positive,5,5.0,5
ChdDSUhNMG9nS0VJQ0FnSURBeWVMMDdBRRAB,,5.0,1.5,Positive,5,5.0,5
ChdDSUhNMG9nS0VJQ0FnSURBaV82R3hBRRAB,,5.0,1.5,Positive,5,5.0,5
ChZDSUhNMG9nS0VJQ0FnSUN3cjlyVUJREAE,(Translated by Google) Launch  (Original) Nise ,3.0,0.3182,Positive,3,3.0,3
ChZDSUhNMG9nS0VJQ0FnSUNBdU5hYVFREAE,,5.0,1.5,Positive,5,5.0,5
ChdDSUhNMG9nS0VJQ0FnSUNndHViVm5BRRAB,,5.0,1.5,Positive,5,5.0,5
ChZDSUhNMG9nS0VJQ0FnSURBemYzVk1nEAE,,5.0,1.5,Positive,5,5.0,5
ChZDSUhNMG9nS0VJQ0FnSUNBazhxcWJBEAE,beautiful campus with private beach. pleasing place to pursue education. one can never miss a chance to b part of NITK.,5.0,0.7908,Positive,4,4.5,5
ChdDSUhNMG9nS0VJQ0FnSURBc1BlaW9RRRAB,friend went here .. seems very good,5.0,0.7501,Positive,4,4.5,5
ChZDSUhNMG9nS0VJQ0FnSURRcE56eUNREAE,,5.0,1.5,Positive,5,5.0,5
ChdDSUhNMG9nS0VJQ0FnSUN3ODVYdTd3RRAB,,4.0,1.5,Positive,5,4.0,4
ChZDSUhNMG9nS0VJQ0FnSUNnLVBMSlJREAE,,5.0,1.5,Positive,5,5.0,5
ChZDSUhNMG9nS0VJQ0FnSURRdjYtd2ZREAE,,5.0,1.5,Positive,5,5.0,5
ChdDSUhNMG9nS0VJQ0FnSUNnazdhRDZ3RRAB,,5.0,1.5,Positive,5,5.0,5
ChZDSUhNMG9nS0VJQ0FnSUN3NUwzTFJREAE,,5.0,1.5,Positive,5,5.0,5
ChZDSUhNMG9nS0VJQ0FnSURRaTdfM0R3EAE,"These students are extremely fortunate to have the twin advantage of a beautiful campus in a beautiful city, that too along the coast. I am surprised the kids get any studies done and still manage to be among the best in the country!!",5.0,0.9622,Positive,4,4.5,5
ChZDSUhNMG9nS0VJQ0FnSURnOW9iMldnEAE,i think nitk is probably the one of the beautiful institution in India... in here studies are not mention be taken but also taken as the extracurricular activities,5.0,0.3506,Positive,3,4.0,4
ChdDSUhNMG9nS0VJQ0FnSUN3MkxUS3dRRRAB,,5.0,1.5,Positive,5,5.0,5
ChdDSUhNMG9nS0VJQ0FnSURnN1pLN2h3RRAB, I have visited here twice. It is a very vast and such a nice campus.   The infrastructure looks solid. The management is also good.,5.0,0.743,Positive,4,4.5,5
ChdDSUhNMG9nS0VJQ0FnSUNncEkzMWlRRRAB,"The best NIT in the country, with a eminent professors and great supporting staff active student body which is great for students to collaborate with each other. Best part the only college in Indian to have a private beach you can literally hear the sea waves crashing the shore in the night. Though disconnected from the city all basic need can be easily found here. And great placement opportunities for students.",4.0,0.9853,Positive,4,4.0,4
ChZDSUhNMG9nS0VJQ0FnSUNRcHJ1d1VBEAE,,5.0,1.5,Positive,5,5.0,5
ChZDSUhNMG9nS0VJQ0FnSURReTZUcUVnEAE,,3.0,1.5,Positive,5,3.0,3
ChZDSUhNMG9nS0VJQ0FnSURROF92amZREAE,,5.0,1.5,Positive,5,5.0,5
ChZDSUhNMG9nS0VJQ0FnSUNBZ3FUeVhREAE,,4.0,1.5,Positive,5,4.0,4
ChdDSUhNMG9nS0VJQ0FnSUNnemJfTmxRRRAB,,5.0,1.5,Positive,5,5.0,5
ChZDSUhNMG9nS0VJQ0FnSUN3dDd2cEVREAE,,5.0,1.5,Positive,5,5.0,5
ChdDSUhNMG9nS0VJQ0FnSURRN3JhLTlBRRAB,,5.0,1.5,Positive,5,5.0,5
ChdDSUhNMG9nS0VJQ0FnSUNBaGJqWHVBRRAB,,5.0,1.5,Positive,5,5.0,5
ChdDSUhNMG9nS0VJQ0FnSUNBOF9ITXhnRRAB,,5.0,1.5,Positive,5,5.0,5
ChZDSUhNMG9nS0VJQ0FnSUN3bE5pOVVREAE,,5.0,1.5,Positive,5,5.0,5
ChdDSUhNMG9nS0VJQ0FnSUN3bjRMRDR3RRAB,,5.0,1.5,Positive,5,5.0,5
ChdDSUhNMG9nS0VJQ0FnSUNRaklDbzRBRRAB,,4.0,1.5,Positive,5,4.0,4
ChZDSUhNMG9nS0VJQ0FnSURBaE1UOGN3EAE,Going to study Ph.D,5.0,0.0,Neutral,2,3.5,4
ChdDSUhNMG9nS0VJQ0FnSUNnOUxINTNBRRAB,,4.0,1.5,Positive,5,4.0,4
ChdDSUhNMG9nS0VJQ0FnSURncGVYNjlRRRAB,One of the best places to do your engineering. I was a student there in ECE dept. and it has some of the best professors in the country. The place is very nice and the college has a private beach. It's pretty close to Mangalore and the transport facilities are awesome.,5.0,0.9628,Positive,4,4.5,5
ChZDSUhNMG9nS0VJQ0FnSURBOC1TcGZ3EAE,,5.0,1.5,Positive,5,5.0,5
ChZDSUhNMG9nS0VJQ0FnSURnMVl6M093EAE,College with a private beach. Graduated from NITK. Awesome years of BTech life.,5.0,0.6249,Positive,3,4.0,4
ChdDSUhNMG9nS0VJQ0FnSURneE15U25BRRAB,,5.0,1.5,Positive,5,5.0,5
ChdDSUhNMG9nS0VJQ0FnSURnM1BxTXp3RRAB,Excellent college with exceptional standard of quality engineering and of course the only one  to own a beach in India .,5.0,0.5719,Positive,3,4.0,4
ChdDSUhNMG9nS0VJQ0FnSURnMDRMYnpBRRAB,,4.0,1.5,Positive,5,4.0,4
ChdDSUhNMG9nS0VJQ0FnSUN3bXRHRmtnRRAB,,2.0,1.5,Positive,5,2.0,2
ChZDSUhNMG9nS0VJQ0FnSURnbzVTM1lBEAE,,4.0,1.5,Positive,5,4.0,4
ChdDSUhNMG9nS0VJQ0FnSUNBbWJ1ODB3RRAB,Awesome place to do B-Tech :-) ,5.0,0.7506,Positive,4,4.5,5
ChZDSUhNMG9nS0VJQ0FnSURRMHZpQ2NnEAE,,5.0,1.5,Positive,5,5.0,5
ChZDSUhNMG9nS0VJQ0FnSUN3b3RpdFVnEAE,,4.0,1.5,Positive,5,4.0,4
ChZDSUhNMG9nS0VJQ0FnSUN3NXF1dGNnEAE,Only college in India to have a private beach :-),4.0,0.3182,Positive,3,3.5,4
ChZDSUhNMG9nS0VJQ0FnSUNBLWVtaVZnEAE,,5.0,1.5,Positive,5,5.0,5
ChdDSUhNMG9nS0VJQ0FnSUNBbS1XVHFBRRAB,,5.0,1.5,Positive,5,5.0,5
ChdDSUhNMG9nS0VJQ0FnSURBMXN1Y2pBRRAB,,5.0,1.5,Positive,5,5.0,5
ChdDSUhNMG9nS0VJQ0FnSURBMks3azdBRRAB,,5.0,1.5,Positive,5,5.0,5
ChZDSUhNMG9nS0VJQ0FnSUNnc2NheUVnEAE,,4.0,1.5,Positive,5,4.0,4
ChZDSUhNMG9nS0VJQ0FnSURBMjRXOUJ3EAE,(Translated by Google) God  (Original) Gud,5.0,0.5267,Positive,3,4.0,4
ChdDSUhNMG9nS0VJQ0FnSURBM29IZml3RRAB,,5.0,1.5,Positive,5,5.0,5
ChZDSUhNMG9nS0VJQ0FnSURRdjZEMEZ3EAE,,5.0,1.5,Positive,5,5.0,5
ChdDSUhNMG9nS0VJQ0FnSURBZ0p1YnFBRRAB,,5.0,1.5,Positive,5,5.0,5
ChZDSUhNMG9nS0VJQ0FnSUNnd043MUZnEAE,Only college to have pvt. Beach ,5.0,0.0,Neutral,2,3.5,4
ChZDSUhNMG9nS0VJQ0FnSUN3eTZ2QlpREAE,Wow! Seems like a great college.Even my mother studied there.Now I'm even more eager to go there for my further studies.,5.0,0.9258,Positive,4,4.5,5
ChdDSUhNMG9nS0VJQ0FnSUNnLTVPR3lnRRAB,Awesome college and campus...There is also a separate beach for college students :-) ,5.0,0.7506,Positive,4,4.5,5
ChZDSUhNMG9nS0VJQ0FnSURRb3NxdmNnEAE,Great university,5.0,0.6249,Positive,3,4.0,4
ChdDSUhNMG9nS0VJQ0FnSUNna2ZmMHNBRRAB,I simply love this place :) ,5.0,0.802,Positive,4,4.5,5
ChdDSUhNMG9nS0VJQ0FnSURRLU5lOHR3RRAB,,5.0,1.5,Positive,5,5.0,5
ChdDSUhNMG9nS0VJQ0FnSURnbThTMzFRRRAB,,5.0,1.5,Positive,5,5.0,5
ChdDSUhNMG9nS0VJQ0FnSURBc3BLcXVRRRAB,,5.0,1.5,Positive,5,5.0,5
ChdDSUhNMG9nS0VJQ0FnSUN3dmQybW9RRRAB,,5.0,1.5,Positive,5,5.0,5
ChdDSUhNMG9nS0VJQ0FnSUNnanYzRHZnRRAB,Good college,4.0,0.4404,Positive,3,3.5,4
ChZDSUhNMG9nS0VJQ0FnSURRdC15aktREAE,,5.0,1.5,Positive,5,5.0,5
ChZDSUhNMG9nS0VJQ0FnSUNneVp6ZFlBEAE,,5.0,1.5,Positive,5,5.0,5
ChZDSUhNMG9nS0VJQ0FnSUNRejVqeFFREAE,,5.0,1.5,Positive,5,5.0,5
ChZDSUhNMG9nS0VJQ0FnSUN3NHVqbEhnEAE, 115 marks in mains 947 ipe can i get a seat in suratkal ,5.0,0.0,Neutral,2,3.5,4
ChdDSUhNMG9nS0VJQ0FnSURnOHJmaWdBRRAB,Good,5.0,0.4404,Positive,3,4.0,4
ChdDSUhNMG9nS0VJQ0FnSURnN2Qzc2pnRRAB,,5.0,1.5,Positive,5,5.0,5
ChdDSUhNMG9nS0VJQ0FnSUN3Z2ItS3JnRRAB,,5.0,1.5,Positive,5,5.0,5
ChdDSUhNMG9nS0VJQ0FnSURnNE92djBnRRAB,,5.0,1.5,Positive,5,5.0,5
ChZDSUhNMG9nS0VJQ0FnSUNnN2ZpV2FREAE,,5.0,1.5,Positive,5,5.0,5
ChdDSUhNMG9nS0VJQ0FnSUNRODRUei1BRRAB,Knowledge of excellence ,5.0,0.6249,Positive,3,4.0,4
ChdDSUhNMG9nS0VJQ0FnSURBdk1qUHNnRRAB,,5.0,1.5,Positive,5,5.0,5
ChZDSUhNMG9nS0VJQ0FnSURRX29pVEN3EAE,Awesome campus [own beach] and placements ;),5.0,0.7184,Positive,4,4.5,5
ChZDSUhNMG9nS0VJQ0FnSURnd3NLNE5BEAE,Serene!! ,4.0,0.555,Positive,3,3.5,4
ChZDSUhNMG9nS0VJQ0FnSUN3MTliTlJBEAE,,5.0,1.5,Positive,5,5.0,5
ChdDSUhNMG9nS0VJQ0FnSURBb2JIUTRnRRAB,,5.0,1.5,Positive,5,5.0,5
ChdDSUhNMG9nS0VJQ0FnSUNROU16TWtBRRAB,Awesome,5.0,0.6249,Positive,3,4.0,4
ChZDSUhNMG9nS0VJQ0FnSUNROWZ6Z0lREAE,,5.0,1.5,Positive,5,5.0,5
ChZDSUhNMG9nS0VJQ0FnSURRcVpXSkl3EAE,,5.0,1.5,Positive,5,5.0,5
ChZDSUhNMG9nS0VJQ0FnSUN3MnZTSGF3EAE,,5.0,1.5,Positive,5,5.0,5
ChZDSUhNMG9nS0VJQ0FnSUN3aE5mZEV3EAE,,5.0,1.5,Positive,5,5.0,5
ChZDSUhNMG9nS0VJQ0FnSUNRcnF2cmNnEAE,GOOD COLLEGE!!!!!!!!!,5.0,0.6209,Positive,3,4.0,4
ChdDSUhNMG9nS0VJQ0FnSURRZ295ZHd3RRAB,"The best four years of my life! The people you meet there will become friends forever, which is what makes the place so great! The location is just the icing on the cake :)",5.0,0.9526,Positive,4,4.5,5
ChZDSUhNMG9nS0VJQ0FnSUNRamNYZVVREAE,Love the place. ,5.0,0.6369,Positive,4,4.5,5
ChZDSUhNMG9nS0VJQ0FnSUNBOXREX0RBEAE,,5.0,1.5,Positive,5,5.0,5
ChdDSUhNMG9nS0VJQ0FnSURBenBuaG5RRRAB,,5.0,1.5,Positive,5,5.0,5
ChZDSUhNMG9nS0VJQ0FnSURReUotOUl3EAE,,5.0,1.5,Positive,5,5.0,5
ChZDSUhNMG9nS0VJQ0FnSUNRM3M3bk1nEAE,,5.0,1.5,Positive,5,5.0,5
ChdDSUhNMG9nS0VJQ0FnSUNneUxPTDJBRRAB,,5.0,1.5,Positive,5,5.0,5
ChZDSUhNMG9nS0VJQ0FnSURnNGZyU0x3EAE,"Choosing NITK has been the best academic decision of my life. The college has an active student body, and great teachers for almost every department apart from the continually evolving infrastructure. With Mangalore nearby, there is no dearth of entertainment/ restaurants/ movies options. Boarding is good in hostels, although food is not that great- the price you pay for attending a good Indian institute. Great overall experience!",5.0,0.9719,Positive,4,4.5,5
ChZDSUhNMG9nS0VJQ0FnSURBclkzdGR3EAE,,5.0,1.5,Positive,5,5.0,5
ChdDSUhNMG9nS0VJQ0FnSUNBMkphWmxnRRAB,,5.0,1.5,Positive,5,5.0,5
ChdDSUhNMG9nS0VJQ0FnSUNnODVTV2tBRRAB,,5.0,1.5,Positive,5,5.0,5
ChZDSUhNMG9nS0VJQ0FnSUNnanFmYll3EAE,,4.0,1.5,Positive,5,4.0,4
ChdDSUhNMG9nS0VJQ0FnSURnN29pS3VnRRAB,very nice college,5.0,0.4754,Positive,3,4.0,4
ChZDSUhNMG9nS0VJQ0FnSUNnNnF1cWFnEAE,(Translated by Google) NITK  (Original) NITK,5.0,0.3182,Positive,3,4.0,4
ChdDSUhNMG9nS0VJQ0FnSURBd002UTVnRRAB,,5.0,1.5,Positive,5,5.0,5
ChZDSUhNMG9nS0VJQ0FnSUNRNE56cUl3EAE,,5.0,1.5,Positive,5,5.0,5
ChdDSUhNMG9nS0VJQ0FnSUNROGNISHZBRRAB,,5.0,1.5,Positive,5,5.0,5
ChdDSUhNMG9nS0VJQ0FnSURROHNDenlnRRAB,,5.0,1.5,Positive,5,5.0,5
ChZDSUhNMG9nS0VJQ0FnSURnbzlfdVFBEAE,Life at NIT K,5.0,0.0,Neutral,2,3.5,4
ChZDSUhNMG9nS0VJQ0FnSURBODdqcE5nEAE,,5.0,1.5,Positive,5,5.0,5
ChZDSUhNMG9nS0VJQ0FnSURBM1luVVBREAE,,4.0,1.5,Positive,5,4.0,4
ChZDSUhNMG9nS0VJQ0FnSURBNTZYX0RBEAE,,5.0,1.5,Positive,5,5.0,5
ChdDSUhNMG9nS0VJQ0FnSURBOTdfRm1nRRAB,The best place I loved and missed.,5.0,0.7845,Positive,4,4.5,5
ChdDSUhNMG9nS0VJQ0FnSUNRdE82Wjl3RRAB,Name itself is enough ...Awesome and very prestigious institute.,5.0,0.6249,Positive,3,4.0,4
ChdDSUhNMG9nS0VJQ0FnSUNndGRXYS1BRRAB,,5.0,1.5,Positive,5,5.0,5
ChZDSUhNMG9nS0VJQ0FnSURnaDRDVU93EAE,,5.0,1.5,Positive,5,5.0,5
ChZDSUhNMG9nS0VJQ0FnSUNBNkxucVpBEAE,"Spacious, quality Education, good Infrastructure, very well Transportation connectivity, awesome beach, Talented students, upward trending Research Institute.",5.0,0.9134,Positive,4,4.5,5
ChdDSUhNMG9nS0VJQ0FnSUNRczlyV3FRRRAB,It's just the best place in the world to study in... ,5.0,0.6369,Positive,4,4.5,5
ChZDSUhNMG9nS0VJQ0FnSURRdlp5bGZnEAE,Going to build my career ,3.0,0.0,Neutral,2,2.5,2
ChdDSUhNMG9nS0VJQ0FnSUNBMjhYRTJ3RRAB,Its college,4.0,0.0,Neutral,2,3.0,3
ChZDSUhNMG9nS0VJQ0FnSURnNkxLWVl3EAE,,5.0,1.5,Positive,5,5.0,5
ChdDSUhNMG9nS0VJQ0FnSUNRaDVmRnB3RRAB,,4.0,1.5,Positive,5,4.0,4
ChZDSUhNMG9nS0VJQ0FnSURROF9tMWV3EAE,Good,5.0,0.4404,Positive,3,4.0,4
ChZDSUhNMG9nS0VJQ0FnSUNRNmZuSGVnEAE,Awesome!! Can't describe the feeling!,5.0,0.6814,Positive,4,4.5,5
ChdDSUhNMG9nS0VJQ0FnSUNRcm8tLWd3RRAB,Awesome..,5.0,0.6249,Positive,3,4.0,4
ChdDSUhNMG9nS0VJQ0FnSUN3cnNMZHhRRRAB,,5.0,1.5,Positive,5,5.0,5
ChdDSUhNMG9nS0VJQ0FnSUN3bk1QQThBRRAB,"Amazing place to grow. You get a lot of exposure to each kind of domain whether it may be related to academics or other extra curricular activities. Faculties are good but as always an individual's efforts is all that's going to count. Infrastructure is fantastic with state of the art labs(take any department),computer labs, comfortable hostels and sports arena. Assisted support of Technical and other club activities really provides you a good platform to learn things. Placements are really exceptional and fantastic with IT-firms rushing into the college to grab best talents at the earliest and if you are in circuit or core branches then a good healthy job is almost guaranteed. The college is filled with lots of fun and excitement in association with free environment to work and bloom. The Technical and cultural fests are really awesome,one of the biggest in South Asia. Last but not the least the Beach is very pleasant and it's the only college to have its own private beach. So overall if you are enthusiastic and ready to put efforts, this is a very good place to be.",5.0,0.9976,Positive,4,4.5,5
ChZDSUhNMG9nS0VJQ0FnSURRXzd5SGZnEAE,,3.0,1.5,Positive,5,3.0,3
ChZDSUhNMG9nS0VJQ0FnSURBZzl2SWNREAE,,5.0,1.5,Positive,5,5.0,5
ChZDSUhNMG9nS0VJQ0FnSURBOUtqSVpnEAE,Superb,5.0,0.6249,Positive,3,4.0,4
ChZDSUhNMG9nS0VJQ0FnSUNndy1MOEhnEAE,,5.0,1.5,Positive,5,5.0,5
ChZDSUhNMG9nS0VJQ0FnSURBM0pERmRnEAE,I am an alumni of this institute. If you get an opportunity to be a part of it then don't miss it.,5.0,0.5013,Positive,3,4.0,4
ChZDSUhNMG9nS0VJQ0FnSUNneEtDVmZBEAE,Nitk surathkal.. Name itself proves everything.,5.0,0.0,Neutral,2,3.5,4
ChdDSUhNMG9nS0VJQ0FnSURRN0llLXFRRRAB,The Best in Karnataka!,5.0,0.6696,Positive,4,4.5,5
ChZDSUhNMG9nS0VJQ0FnSUNBd2NmVWRnEAE,Best days ever spent in my life,5.0,0.6369,Positive,4,4.5,5
ChZDSUhNMG9nS0VJQ0FnSUNnak5ib1FREAE, Awesome college!!,5.0,0.6892,Positive,4,4.5,5
ChdDSUhNMG9nS0VJQ0FnSUNBb2Nub3pnRRAB,Great college. ,5.0,0.6249,Positive,3,4.0,4
ChdDSUhNMG9nS0VJQ0FnSUNBLWZqeGtRRRAB,,5.0,1.5,Positive,5,5.0,5
ChZDSUhNMG9nS0VJQ0FnSUNBc3IzY0tnEAE,,5.0,1.5,Positive,5,5.0,5
ChdDSUhNMG9nS0VJQ0FnSUNReXYybjBnRRAB,Amazing faculty to develop your carreer......,5.0,0.5859,Positive,3,4.0,4
ChZDSUhNMG9nS0VJQ0FnSURRZzdpQ1dnEAE,my college.......,5.0,0.0,Neutral,2,3.5,4
ChdDSUhNMG9nS0VJQ0FnSURBOU8tWjJnRRAB,I had the best experience of my life here. Great culture and helps you develop as a complete individual.,5.0,0.8979,Positive,4,4.5,5
ChZDSUhNMG9nS0VJQ0FnSURRNU5qZVF3EAE,Amazing ,5.0,0.5859,Positive,3,4.0,4
ChZDSUhNMG9nS0VJQ0FnSUNRb3ZXOFFnEAE,Good,5.0,0.4404,Positive,3,4.0,4
ChZDSUhNMG9nS0VJQ0FnSUNRMS1LOU9BEAE,,5.0,1.5,Positive,5,5.0,5
ChZDSUhNMG9nS0VJQ0FnSUN3MG9iX0tREAE,It is a awesome college....a cool thing to stay ,4.0,0.7506,Positive,4,4.0,4
ChZDSUhNMG9nS0VJQ0FnSURndUxxdkZnEAE,wow!!!!!! It's  8th wonder  of the world &  It's excellent!!!!!!......,5.0,0.8647,Positive,4,4.5,5
ChZDSUhNMG9nS0VJQ0FnSURncmVqZUVBEAE,Best nit among all nit colleges ,5.0,0.6369,Positive,4,4.5,5
ChdDSUhNMG9nS0VJQ0FnSUNBNHNPTm53RRAB,,3.0,1.5,Positive,5,3.0,3
ChdDSUhNMG9nS0VJQ0FnSUNRNnZQT2tRRRAB,,5.0,1.5,Positive,5,5.0,5
ChdDSUhNMG9nS0VJQ0FnSURncXJyY2p3RRAB,,5.0,1.5,Positive,5,5.0,5
ChdDSUhNMG9nS0VJQ0FnSUNBaGRqUGx3RRAB,,5.0,1.5,Positive,5,5.0,5
ChdDSUhNMG9nS0VJQ0FnSUNncXBIZ3FnRRAB,add the location building names ,3.0,0.0,Neutral,2,2.5,2
ChdDSUhNMG9nS0VJQ0FnSURRc01yTzZnRRAB,sons college i visit after 13 yrs,4.0,0.0,Neutral,2,3.0,3
ChRDSUhNMG9nS0VJQ0FnSURBM3RGUBAB,,5.0,1.5,Positive,5,5.0,5
ChRDSUhNMG9nS0VJQ0FnSUNRbksxehAB,Nitk rocks!,5.0,0.0,Neutral,2,3.5,4
ChZDSUhNMG9nS0VJQ0FnSUNnaF9Qd0dBEAE,superb,5.0,0.6249,Positive,3,4.0,4
ChZDSUhNMG9nS0VJQ0FnSUNnbHVhY09nEAE,,4.0,1.5,Positive,5,4.0,4
ChZDSUhNMG9nS0VJQ0FnSUNRdklteFlnEAE,nice super ....but still accuracy required ,4.0,0.5187,Positive,3,3.5,4
ChdDSUhNMG9nS0VJQ0FnSUNRakxuLXh3RRAB,"best clg of karnataka,and d bst nit!!!!weather is awesome always!!!!go for it if u can",5.0,0.8877,Positive,4,4.5,5
ChdDSUhNMG9nS0VJQ0FnSURRN2RHcnl3RRAB,,5.0,1.5,Positive,5,5.0,5
ChdDSUhNMG9nS0VJQ0FnSUNRMlBYWGpBRRAB,trying for this best one !,5.0,0.7424,Positive,4,4.5,5
ChZDSUhNMG9nS0VJQ0FnSUNnam8tZlR3EAE,,5.0,1.5,Positive,5,5.0,5
ChZDSUhNMG9nS0VJQ0FnSURnaFBQakd3EAE,great college.......ever seen,5.0,0.6249,Positive,3,4.0,4
ChdDSUhNMG9nS0VJQ0FnSUNndFpQbzZBRRAB,,4.0,1.5,Positive,5,4.0,4
ChZDSUhNMG9nS0VJQ0FnSUNRczhYek9BEAE,,5.0,1.5,Positive,5,5.0,5
ChdDSUhNMG9nS0VJQ0FnSUN3azZtTHdnRRAB,,4.0,1.5,Positive,5,4.0,4
ChdDSUhNMG9nS0VJQ0FnSUN3bV9YNnNBRRAB,Best college..... life is fully enjoyable here.   ....proud to be nitkian...,5.0,0.8947,Positive,4,4.5,5
ChdDSUhNMG9nS0VJQ0FnSUNRNnNERWxRRRAB,,5.0,1.5,Positive,5,5.0,5
ChZDSUhNMG9nS0VJQ0FnSURnOEo2cEtBEAE,,5.0,1.5,Positive,5,5.0,5
ChZDSUhNMG9nS0VJQ0FnSURRM3FDMlFnEAE,,5.0,1.5,Positive,5,5.0,5
ChdDSUhNMG9nS0VJQ0FnSURncHUzOTdRRRAB,,5.0,1.5,Positive,5,5.0,5
ChdDSUhNMG9nS0VJQ0FnSUNRc0wtSTB3RRAB,,5.0,1.5,Positive,5,5.0,5
